barcode,cluster,cell_type,cell_type_id
AAACATACAACCAC-1,0,CD4+ T cells,2
AAACATTGAGCTAC-1,3,NK cells,3
AAACATTGATCAGC-1,0,CD4+ T cells,2
AAACCGTGCTTCCG-1,1,CD8+ T cells,5
AAACCGTGTATGCG-1,5,Dendritic cells,0
AAACGCACTGGTAC-1,0,CD4+ T cells,2
AAACGCTGACCAGT-1,0,CD4+ T cells,2
AAACGCTGGTTCTT-1,0,CD4+ T cells,2
AAACGCTGTAGCCA-1,0,CD4+ T cells,2
AAACGCTGTTTCTG-1,1,CD8+ T cells,5
AAACTTGAAAAACG-1,3,NK cells,3
AAACTTGATCCAGA-1,0,CD4+ T cells,2
AAAGAGACGAGATA-1,0,CD4+ T cells,2
AAAGAGACGCGAGA-1,1,CD8+ T cells,5
AAAGAGACGGACTT-1,0,CD4+ T cells,2
AAAGAGACGGCATT-1,0,CD4+ T cells,2
AAAGATCTGGGCAA-1,1,CD8+ T cells,5
AAAGCAGAAGCCAT-1,0,CD4+ T cells,2
AAAGCAGATATCGG-1,1,CD8+ T cells,5
AAAGCCTGTATGCG-1,0,CD4+ T cells,2
AAAGGCCTGTCTAG-1,3,NK cells,3
AAAGTTTGATCACG-1,3,NK cells,3
AAAGTTTGGGGTGA-1,3,NK cells,3
AAAGTTTGTAGAGA-1,0,CD4+ T cells,2
AAAGTTTGTAGCGT-1,1,CD8+ T cells,5
AAATCAACAATGCC-1,3,NK cells,3
AAATCAACACCAGT-1,0,CD4+ T cells,2
AAATCAACCAGGAG-1,0,CD4+ T cells,2
AAATCAACCCTATT-1,1,CD8+ T cells,5
AAATCAACGGAAGC-1,0,CD4+ T cells,2
AAATCAACTCGCAA-1,0,CD4+ T cells,2
AAATCATGACCACA-1,1,CD8+ T cells,5
AAATCCCTCCACAA-1,0,CD4+ T cells,2
AAATCCCTGCTATG-1,3,NK cells,3
AAATGTTGAACGAA-1,1,CD8+ T cells,5
AAATGTTGCCACAA-1,0,CD4+ T cells,2
AAATGTTGTGGCAT-1,1,CD8+ T cells,5
AAATTCGAAGGTTC-1,0,CD4+ T cells,2
AAATTCGAATCACG-1,1,CD8+ T cells,5
AAATTCGAGCTGAT-1,1,CD8+ T cells,5
AAATTCGAGGAGTG-1,0,CD4+ T cells,2
AAATTCGATTCTCA-1,5,Dendritic cells,0
AAATTGACACGACT-1,0,CD4+ T cells,2
AAATTGACTCGCTC-1,0,CD4+ T cells,2
AACAAACTCATTTC-1,0,CD4+ T cells,2
AACAAACTTTCGTT-1,0,CD4+ T cells,2
AACAATACGACGAG-1,0,CD4+ T cells,2
AACACGTGCAGAGG-1,0,CD4+ T cells,2
AACACGTGGAAAGT-1,0,CD4+ T cells,2
AACACGTGGAACCT-1,1,CD8+ T cells,5
AACACGTGGCTACA-1,0,CD4+ T cells,2
AACACGTGTACGAC-1,1,CD8+ T cells,5
AACAGCACAAGAGT-1,1,CD8+ T cells,5
AACATTGATGGGAG-1,1,CD8+ T cells,5
AACCAGTGATACCG-1,1,CD8+ T cells,5
AACCCAGATCGCTC-1,0,CD4+ T cells,2
AACCGATGCTCCCA-1,0,CD4+ T cells,2
AACCGATGGTCATG-1,3,NK cells,3
AACCGATGTTCTAC-1,1,CD8+ T cells,5
AACCGCCTAGCGTT-1,0,CD4+ T cells,2
AACCGCCTCTACGA-1,1,CD8+ T cells,5
AACCTACTGTGAGG-1,1,CD8+ T cells,5
AACCTACTGTGTTG-1,0,CD4+ T cells,2
AACCTTACGAGACG-1,0,CD4+ T cells,2
AACCTTACGCGAGA-1,5,Dendritic cells,0
AACCTTACTAACGC-1,1,CD8+ T cells,5
AACCTTTGGACGGA-1,0,CD4+ T cells,2
AACCTTTGTACGCA-1,1,CD8+ T cells,5
AACGCAACAAGTAG-1,0,CD4+ T cells,2
AACGCATGACCCAA-1,0,CD4+ T cells,2
AACGCATGCCTTCG-1,0,CD4+ T cells,2
AACGCATGTACTTC-1,0,CD4+ T cells,2
AACGCCCTCGGGAA-1,0,CD4+ T cells,2
AACGCCCTCGTACA-1,5,Dendritic cells,0
AACGCCCTGCTTAG-1,3,NK cells,3
AACGCCCTGGCATT-1,0,CD4+ T cells,2
AACGTCGAGTATCG-1,5,Dendritic cells,0
AACGTGTGAAAGCA-1,0,CD4+ T cells,2
AACGTGTGGCGGAA-1,3,NK cells,3
AACGTGTGTCCAAG-1,0,CD4+ T cells,2
AACGTGTGTGCTTT-1,0,CD4+ T cells,2
AACTACCTTAGAGA-1,0,CD4+ T cells,2
AACTCACTCAAGCT-1,1,CD8+ T cells,5
AACTCACTTGGAGG-1,1,CD8+ T cells,5
AACTCGGAAAGTGA-1,0,CD4+ T cells,2
AACTCGGAAGGTCT-1,1,CD8+ T cells,5
AACTCTTGCAGGAG-1,0,CD4+ T cells,2
AACTGTCTCCCTTG-1,1,CD8+ T cells,5
AACTTGCTACGCTA-1,3,NK cells,3
AACTTGCTGGGACA-1,0,CD4+ T cells,2
AAGAACGAGTGTTG-1,0,CD4+ T cells,2
AAGAAGACGTAGGG-1,3,NK cells,3
AAGACAGAAGTCTG-1,3,NK cells,3
AAGACAGAGGATCT-1,0,CD4+ T cells,2
AAGACAGATTACCT-1,1,CD8+ T cells,5
AAGAGATGGGTAGG-1,3,NK cells,3
AAGATGGAAAACAG-1,3,NK cells,3
AAGATGGAGAACTC-1,1,CD8+ T cells,5
AAGATGGAGATAAG-1,1,CD8+ T cells,5
AAGATTACAACCTG-1,0,CD4+ T cells,2
AAGATTACAGATCC-1,1,CD8+ T cells,5
AAGATTACCCGTTC-1,1,CD8+ T cells,5
AAGATTACCGCCTT-1,1,CD8+ T cells,5
AAGATTACCTCAAG-1,5,Dendritic cells,0
AAGATTACTCCTCG-1,1,CD8+ T cells,5
AAGCAAGAGCGAGA-1,0,CD4+ T cells,2
AAGCAAGAGCTTAG-1,5,Dendritic cells,0
AAGCAAGAGGTGTT-1,5,Dendritic cells,0
AAGCACTGAGCAAA-1,3,NK cells,3
AAGCACTGCATACG-1,0,CD4+ T cells,2
AAGCACTGGTTCTT-1,3,NK cells,3
AAGCCAACGTGTTG-1,0,CD4+ T cells,2
AAGCCATGAACTGC-1,1,CD8+ T cells,5
AAGCCATGACACGT-1,1,CD8+ T cells,5
AAGCCATGCGTGAT-1,0,CD4+ T cells,2
AAGCCATGTCTCGC-1,0,CD4+ T cells,2
AAGCCTGACATGCA-1,0,CD4+ T cells,2
AAGCCTGACCGAAT-1,1,CD8+ T cells,5
AAGCGACTCCTCAC-1,1,CD8+ T cells,5
AAGCGACTGTGTCA-1,0,CD4+ T cells,2
AAGCGACTTACAGC-1,3,NK cells,3
AAGCGACTTTGACG-1,1,CD8+ T cells,5
AAGCGTACGTCTTT-1,0,CD4+ T cells,2
AAGGCTTGCGAACT-1,0,CD4+ T cells,2
AAGGTCACGGTTAC-1,1,CD8+ T cells,5
AAGGTCACTGTTTC-1,3,NK cells,3
AAGGTCACTTCCCG-1,0,CD4+ T cells,2
AAGGTCTGACAGTC-1,0,CD4+ T cells,2
AAGGTCTGCAGATC-1,0,CD4+ T cells,2
AAGGTCTGGTATGC-1,1,CD8+ T cells,5
AAGTAACTCTGAAC-1,1,CD8+ T cells,5
AAGTAACTGAGATA-1,3,NK cells,3
AAGTAGGATACAGC-1,5,Dendritic cells,0
AAGTATACCGAACT-1,0,CD4+ T cells,2
AAGTCCGACTTGTT-1,0,CD4+ T cells,2
AAGTCCGATAGAAG-1,0,CD4+ T cells,2
AAGTCTCTAGTCGT-1,0,CD4+ T cells,2
AAGTCTCTCGGAGA-1,0,CD4+ T cells,2
AAGTGGCTTGGAGG-1,3,NK cells,3
AAGTTCCTCATTCT-1,1,CD8+ T cells,5
AAGTTCCTTCTTAC-1,0,CD4+ T cells,2
AATAAGCTCGAATC-1,0,CD4+ T cells,2
AATAAGCTCGTTGA-1,0,CD4+ T cells,2
AATACCCTGGACGA-1,3,NK cells,3
AATACCCTGGCATT-1,0,CD4+ T cells,2
AATACTGAAAGGGC-1,0,CD4+ T cells,2
AATACTGAATTGGC-1,5,Dendritic cells,0
AATAGGGAACCCTC-1,3,NK cells,3
AATAGGGAGAATGA-1,0,CD4+ T cells,2
AATCAAACTATCGG-1,0,CD4+ T cells,2
AATCCGGAATGCTG-1,3,NK cells,3
AATCCTACCGGTAT-1,0,CD4+ T cells,2
AATCCTTGACGGGA-1,1,CD8+ T cells,5
AATCCTTGGTGAGG-1,5,Dendritic cells,0
AATCGGTGGAACTC-1,0,CD4+ T cells,2
AATCGGTGTGCTTT-1,0,CD4+ T cells,2
AATCTAGAAAAGTG-1,0,CD4+ T cells,2
AATCTAGAATCGGT-1,0,CD4+ T cells,2
AATCTCACAGCCTA-1,1,CD8+ T cells,5
AATCTCACTCTAGG-1,0,CD4+ T cells,2
AATCTCTGAACAGA-1,0,CD4+ T cells,2
AATCTCTGCTTTAC-1,5,Dendritic cells,0
AATGATACACCAAC-1,5,Dendritic cells,0
AATGATACGGTCAT-1,1,CD8+ T cells,5
AATGCGTGACACCA-1,3,NK cells,3
AATGCGTGGACGGA-1,1,CD8+ T cells,5
AATGCGTGGCTATG-1,3,NK cells,3
AATGGAGAATCGTG-1,1,CD8+ T cells,5
AATGGAGATCCTTA-1,0,CD4+ T cells,2
AATGGCTGACACCA-1,3,NK cells,3
AATGGCTGCGTGAT-1,0,CD4+ T cells,2
AATGGCTGTAAAGG-1,0,CD4+ T cells,2
AATGGCTGTACTCT-1,0,CD4+ T cells,2
AATGGCTGTGAAGA-1,0,CD4+ T cells,2
AATGTAACGGTGGA-1,0,CD4+ T cells,2
AATGTAACGTTTGG-1,0,CD4+ T cells,2
AATGTCCTCTTCTA-1,0,CD4+ T cells,2
AATGTTGACAGTCA-1,0,CD4+ T cells,2
AATGTTGAGTTGAC-1,1,CD8+ T cells,5
AATGTTGATCTACT-1,0,CD4+ T cells,2
AATTACGAATTCCT-1,1,CD8+ T cells,5
AATTACGACTTCTA-1,0,CD4+ T cells,2
AATTACGAGTAGCT-1,0,CD4+ T cells,2
AATTACGAGTGAGG-1,0,CD4+ T cells,2
AATTACGATTGGCA-1,3,NK cells,3
AATTCCTGCTCAGA-1,3,NK cells,3
AATTGATGTCGCAA-1,1,CD8+ T cells,5
AATTGTGACTTGGA-1,3,NK cells,3
ACAAAGGAGGGTGA-1,0,CD4+ T cells,2
ACAAATTGATTCTC-1,1,CD8+ T cells,5
ACAAATTGCTCAGA-1,1,CD8+ T cells,5
ACAAATTGTTGCGA-1,5,Dendritic cells,0
ACAACCGAGGGATG-1,5,Dendritic cells,0
ACAACCGAGTTACG-1,0,CD4+ T cells,2
ACAAGAGAAGTCGT-1,1,CD8+ T cells,5
ACAAGAGACTTATC-1,0,CD4+ T cells,2
ACAAGAGAGTTGAC-1,3,NK cells,3
ACAATCCTAACCGT-1,0,CD4+ T cells,2
ACAATCCTTAGCGT-1,3,NK cells,3
ACAATTGACTGACA-1,0,CD4+ T cells,2
ACAATTGATGACTG-1,5,Dendritic cells,0
ACACAGACACCTGA-1,1,CD8+ T cells,5
ACACAGACCATACG-1,0,CD4+ T cells,2
ACACCAGAGGGCAA-1,0,CD4+ T cells,2
ACACCCTGGTGTTG-1,5,Dendritic cells,0
ACACGAACAGTTCG-1,0,CD4+ T cells,2
ACACGATGACGCAT-1,0,CD4+ T cells,2
ACACGATGATGTGC-1,1,CD8+ T cells,5
ACACGATGTCGTAG-1,0,CD4+ T cells,2
ACACGATGTGGTCA-1,0,CD4+ T cells,2
ACAGACACGGCATT-1,0,CD4+ T cells,2
ACAGACACGTTGTG-1,0,CD4+ T cells,2
ACAGCAACACCTAG-1,1,CD8+ T cells,5
ACAGCAACCTCAAG-1,1,CD8+ T cells,5
ACAGGTACCCCACT-1,0,CD4+ T cells,2
ACAGGTACGCTGTA-1,0,CD4+ T cells,2
ACAGGTACTGGTGT-1,5,Dendritic cells,0
ACAGTCGACCCAAA-1,0,CD4+ T cells,2
ACAGTCGACCGATA-1,0,CD4+ T cells,2
ACAGTGACTCACCC-1,0,CD4+ T cells,2
ACAGTGACTCTATC-1,0,CD4+ T cells,2
ACAGTGTGGTCACA-1,0,CD4+ T cells,2
ACAGTGTGTTGCGA-1,1,CD8+ T cells,5
ACATCACTCTACTT-1,1,CD8+ T cells,5
ACATGGTGAAGCCT-1,0,CD4+ T cells,2
ACATGGTGCAACCA-1,3,NK cells,3
ACATGGTGCGAGTT-1,0,CD4+ T cells,2
ACATGGTGCGTTGA-1,0,CD4+ T cells,2
ACATTCTGGCATAC-1,0,CD4+ T cells,2
ACATTCTGGGAACG-1,1,CD8+ T cells,5
ACCAACGACATGCA-1,0,CD4+ T cells,2
ACCACAGAAAGTAG-1,0,CD4+ T cells,2
ACCACAGAGTTGGT-1,0,CD4+ T cells,2
ACCACCTGTGTGCA-1,0,CD4+ T cells,2
ACCACGCTACAGCT-1,0,CD4+ T cells,2
ACCACGCTACCCAA-1,0,CD4+ T cells,2
ACCACGCTGCGAGA-1,0,CD4+ T cells,2
ACCACGCTGCTGTA-1,0,CD4+ T cells,2
ACCAGCCTGACAGG-1,0,CD4+ T cells,2
ACCAGTGAACGGTT-1,3,NK cells,3
ACCAGTGAATACCG-1,1,CD8+ T cells,5
ACCAGTGAGGGATG-1,0,CD4+ T cells,2
ACCAGTGATGACTG-1,1,CD8+ T cells,5
ACCATTACCTTCTA-1,0,CD4+ T cells,2
ACCATTACGAGATA-1,0,CD4+ T cells,2
ACCATTTGTCATTC-1,0,CD4+ T cells,2
ACCCAAGAACTGTG-1,0,CD4+ T cells,2
ACCCAAGAATTCCT-1,1,CD8+ T cells,5
ACCCAAGAGGACAG-1,0,CD4+ T cells,2
ACCCAAGATTCACT-1,3,NK cells,3
ACCCACTGCGCCTT-1,1,CD8+ T cells,5
ACCCACTGGACAGG-1,0,CD4+ T cells,2
ACCCACTGGTTCAG-1,7,Unknown,6
ACCCACTGTCGTAG-1,1,CD8+ T cells,5
ACCCAGCTCAGAAA-1,0,CD4+ T cells,2
ACCCAGCTGTTAGC-1,1,CD8+ T cells,5
ACCCAGCTTGCTTT-1,0,CD4+ T cells,2
ACCCGTTGATGACC-1,3,NK cells,3
ACCCGTTGCTGCAA-1,0,CD4+ T cells,2
ACCCGTTGCTTCTA-1,0,CD4+ T cells,2
ACCCTCGACCTATT-1,0,CD4+ T cells,2
ACCCTCGACGGTAT-1,3,NK cells,3
ACCCTCGATAAGGA-1,1,CD8+ T cells,5
ACCCTCGATCAAGC-1,1,CD8+ T cells,5
ACCGTGCTACCAGT-1,0,CD4+ T cells,2
ACCGTGCTGGAACG-1,3,NK cells,3
ACCTATTGCTGAGT-1,3,NK cells,3
ACCTATTGTGCCCT-1,1,CD8+ T cells,5
ACCTCCGAGTCCTC-1,0,CD4+ T cells,2
ACCTCCGATATGCG-1,0,CD4+ T cells,2
ACCTCCGATGCTGA-1,0,CD4+ T cells,2
ACCTCGTGAACCAC-1,0,CD4+ T cells,2
ACCTGAGATATCGG-1,1,CD8+ T cells,5
ACCTGGCTAAGTAG-1,5,Dendritic cells,0
ACCTGGCTGTCTTT-1,1,CD8+ T cells,5
ACCTTTGACTCCCA-1,1,CD8+ T cells,5
ACCTTTGAGGAACG-1,1,CD8+ T cells,5
ACCTTTGAGGAAGC-1,1,CD8+ T cells,5
ACGAACACCTTGTT-1,5,Dendritic cells,0
ACGAACTGGCTATG-1,2,B cells,1
ACGAAGCTCTCCAC-1,0,CD4+ T cells,2
ACGAAGCTCTGAGT-1,3,NK cells,3
ACGACCCTATCTCT-1,1,CD8+ T cells,5
ACGACCCTGATGAA-1,0,CD4+ T cells,2
ACGACCCTTGACAC-1,3,NK cells,3
ACGACCCTTGACCA-1,0,CD4+ T cells,2
ACGAGGGACAGGAG-1,1,CD8+ T cells,5
ACGAGGGACGAACT-1,0,CD4+ T cells,2
ACGAGGGATGTAGC-1,0,CD4+ T cells,2
ACGAGTACCCTAAG-1,3,NK cells,3
ACGAGTACGAATCC-1,3,NK cells,3
ACGATCGAGGACTT-1,5,Dendritic cells,0
ACGATCGAGTCACA-1,1,CD8+ T cells,5
ACGATGACAATGCC-1,0,CD4+ T cells,2
ACGATGACTGGTCA-1,0,CD4+ T cells,2
ACGATTCTACGGGA-1,0,CD4+ T cells,2
ACGCAATGGTTCAG-1,5,Dendritic cells,0
ACGCACCTGTTAGC-1,3,NK cells,3
ACGCCACTGAACTC-1,1,CD8+ T cells,5
ACGCCGGAAACCAC-1,1,CD8+ T cells,5
ACGCCGGAAAGCCT-1,0,CD4+ T cells,2
ACGCCGGAAATGCC-1,0,CD4+ T cells,2
ACGCCTTGCTCCCA-1,1,CD8+ T cells,5
ACGCGGTGGCGAGA-1,0,CD4+ T cells,2
ACGCGGTGTGTGGT-1,3,NK cells,3
ACGCGGTGTTTGCT-1,5,Dendritic cells,0
ACGCTCACAGTACC-1,0,CD4+ T cells,2
ACGCTCACCCTTGC-1,0,CD4+ T cells,2
ACGCTGCTGTTCTT-1,5,Dendritic cells,0
ACGGAACTCAGATC-1,5,Dendritic cells,0
ACGGAACTGTCGTA-1,1,CD8+ T cells,5
ACGGAGGACTCTTA-1,1,CD8+ T cells,5
ACGGATTGGGAGGT-1,3,NK cells,3
ACGGATTGGTTAGC-1,0,CD4+ T cells,2
ACGGCTCTGAGCAG-1,0,CD4+ T cells,2
ACGGCTCTTGCACA-1,0,CD4+ T cells,2
ACGGTAACCGCTAA-1,0,CD4+ T cells,2
ACGGTAACCTTCGC-1,0,CD4+ T cells,2
ACGGTAACGGTGGA-1,0,CD4+ T cells,2
ACGGTAACTCGCAA-1,0,CD4+ T cells,2
ACGGTATGAGTCGT-1,1,CD8+ T cells,5
ACGGTATGGGTATC-1,3,NK cells,3
ACGGTATGGTTGTG-1,3,NK cells,3
ACGGTCCTAACGGG-1,0,CD4+ T cells,2
ACGGTCCTCGGGAA-1,0,CD4+ T cells,2
ACGTAGACAACCAC-1,0,CD4+ T cells,2
ACGTAGACTACAGC-1,3,NK cells,3
ACGTCAGAAACGAA-1,0,CD4+ T cells,2
ACGTCAGAGAGCTT-1,1,CD8+ T cells,5
ACGTCAGAGGGATG-1,0,CD4+ T cells,2
ACGTCCTGATAAGG-1,1,CD8+ T cells,5
ACGTCCTGTGAACC-1,1,CD8+ T cells,5
ACGTCGCTCCTGAA-1,5,Dendritic cells,0
ACGTCGCTCTATTC-1,1,CD8+ T cells,5
ACGTCGCTTCTCAT-1,3,NK cells,3
ACGTGATGCCATGA-1,1,CD8+ T cells,5
ACGTGATGGGTCTA-1,0,CD4+ T cells,2
ACGTGATGTAACCG-1,1,CD8+ T cells,5
ACGTGATGTGACAC-1,5,Dendritic cells,0
ACGTGCCTCCGTAA-1,0,CD4+ T cells,2
ACGTGCCTTCTATC-1,0,CD4+ T cells,2
ACGTTACTTTCCAT-1,0,CD4+ T cells,2
ACGTTGGAAAAGCA-1,0,CD4+ T cells,2
ACGTTGGAAACCTG-1,0,CD4+ T cells,2
ACGTTGGACCGTAA-1,1,CD8+ T cells,5
ACGTTGGAGCCAAT-1,5,Dendritic cells,0
ACGTTGGATATGGC-1,0,CD4+ T cells,2
ACGTTGGATCAGGT-1,1,CD8+ T cells,5
ACGTTTACATCAGC-1,0,CD4+ T cells,2
ACTAAAACCCACAA-1,0,CD4+ T cells,2
ACTAAAACTCGACA-1,1,CD8+ T cells,5
ACTACGGAATTTCC-1,0,CD4+ T cells,2
ACTACGGACCTATT-1,0,CD4+ T cells,2
ACTACGGATCGCTC-1,0,CD4+ T cells,2
ACTACTACTAAGGA-1,0,CD4+ T cells,2
ACTAGGTGGAACCT-1,0,CD4+ T cells,2
ACTAGGTGGAACTC-1,0,CD4+ T cells,2
ACTATCACCTTGGA-1,0,CD4+ T cells,2
ACTATCACTGCCAA-1,0,CD4+ T cells,2
ACTCAGGACTGAAC-1,0,CD4+ T cells,2
ACTCAGGATCTATC-1,3,NK cells,3
ACTCAGGATTCGTT-1,1,CD8+ T cells,5
ACTCCTCTCAACTG-1,0,CD4+ T cells,2
ACTCGCACGAAAGT-1,1,CD8+ T cells,5
ACTCGCACTACGAC-1,1,CD8+ T cells,5
ACTCTCCTGACACT-1,0,CD4+ T cells,2
ACTCTCCTGCATAC-1,0,CD4+ T cells,2
ACTCTCCTGTTTGG-1,0,CD4+ T cells,2
ACTGAGACAACCAC-1,0,CD4+ T cells,2
ACTGAGACCCATAG-1,1,CD8+ T cells,5
ACTGAGACGTTGGT-1,3,NK cells,3
ACTGCCACACACGT-1,0,CD4+ T cells,2
ACTGCCACTCCGTC-1,5,Dendritic cells,0
ACTGGCCTTCAGTG-1,5,Dendritic cells,0
ACTGTGGACGTGTA-1,3,NK cells,3
ACTGTGGATCTAGG-1,3,NK cells,3
ACTGTTACCCACAA-1,1,CD8+ T cells,5
ACTGTTACTGCAGT-1,0,CD4+ T cells,2
ACTTAAGAACCACA-1,0,CD4+ T cells,2
ACTTAAGACCACAA-1,0,CD4+ T cells,2
ACTTAAGATTACTC-1,1,CD8+ T cells,5
ACTTAGCTGCGTAT-1,1,CD8+ T cells,5
ACTTAGCTGGGAGT-1,0,CD4+ T cells,2
ACTTCAACAAGCAA-1,0,CD4+ T cells,2
ACTTCAACGTAGGG-1,5,Dendritic cells,0
ACTTCCCTTTCCGC-1,0,CD4+ T cells,2
ACTTCTGACATGCA-1,3,NK cells,3
ACTTGACTCCACAA-1,3,NK cells,3
ACTTGGGAGAAAGT-1,1,CD8+ T cells,5
ACTTGGGAGGTTTG-1,0,CD4+ T cells,2
ACTTGGGATGTGAC-1,1,CD8+ T cells,5
ACTTGGGATTGACG-1,1,CD8+ T cells,5
ACTTGTACCCGAAT-1,0,CD4+ T cells,2
ACTTGTACCTGTCC-1,0,CD4+ T cells,2
ACTTTGTGCGATAC-1,0,CD4+ T cells,2
ACTTTGTGGAAAGT-1,0,CD4+ T cells,2
ACTTTGTGGATAGA-1,1,CD8+ T cells,5
AGAAACGAAAGTAG-1,3,NK cells,3
AGAAAGTGCGCAAT-1,0,CD4+ T cells,2
AGAAAGTGGGGATG-1,1,CD8+ T cells,5
AGAACAGAAATGCC-1,5,Dendritic cells,0
AGAACAGACGACTA-1,3,NK cells,3
AGAACAGAGACAAA-1,0,CD4+ T cells,2
AGAACGCTTTGCTT-1,0,CD4+ T cells,2
AGAAGATGTGACTG-1,0,CD4+ T cells,2
AGAATGGAAGAAGT-1,0,CD4+ T cells,2
AGAATTTGTAACCG-1,0,CD4+ T cells,2
AGAATTTGTAGAGA-1,0,CD4+ T cells,2
AGACACACTGTAGC-1,0,CD4+ T cells,2
AGACACTGTCAAGC-1,1,CD8+ T cells,5
AGACCTGAAGTAGA-1,1,CD8+ T cells,5
AGACCTGACCAACA-1,0,CD4+ T cells,2
AGACCTGAGGAAGC-1,0,CD4+ T cells,2
AGACGTACAGAGGC-1,0,CD4+ T cells,2
AGACGTACCCCTAC-1,3,NK cells,3
AGACGTACCTCTTA-1,1,CD8+ T cells,5
AGACGTACTCGTGA-1,1,CD8+ T cells,5
AGACTGACCATCAG-1,0,CD4+ T cells,2
AGACTGACCCTTTA-1,0,CD4+ T cells,2
AGACTTCTCATGCA-1,3,NK cells,3
AGAGATGACAGTCA-1,3,NK cells,3
AGAGATGACTGAAC-1,0,CD4+ T cells,2
AGAGATGAGGTTTG-1,1,CD8+ T cells,5
AGAGATGATCTCGC-1,3,NK cells,3
AGAGATGATTGTGG-1,0,CD4+ T cells,2
AGAGCGGAGGCAAG-1,1,CD8+ T cells,5
AGAGGTCTACAGCT-1,0,CD4+ T cells,2
AGAGTCTGGTCGTA-1,1,CD8+ T cells,5
AGAGTGCTCAGCTA-1,0,CD4+ T cells,2
AGAGTGCTCGAATC-1,0,CD4+ T cells,2
AGAGTGCTGTCATG-1,0,CD4+ T cells,2
AGAGTGCTGTCCTC-1,0,CD4+ T cells,2
AGAGTGCTGTGTTG-1,3,NK cells,3
AGATATACCCGTAA-1,5,Dendritic cells,0
AGATATACGATGAA-1,0,CD4+ T cells,2
AGATATACTGTTCT-1,3,NK cells,3
AGATATTGCCTACC-1,0,CD4+ T cells,2
AGATATTGGCCAAT-1,1,CD8+ T cells,5
AGATCGTGTCTGGA-1,1,CD8+ T cells,5
AGATCGTGTTTGTC-1,3,NK cells,3
AGATCTCTATCACG-1,3,NK cells,3
AGATTAACGTTCTT-1,1,CD8+ T cells,5
AGATTCCTATCGTG-1,0,CD4+ T cells,2
AGATTCCTCACTTT-1,1,CD8+ T cells,5
AGATTCCTGACGAG-1,1,CD8+ T cells,5
AGATTCCTGTTCAG-1,5,Dendritic cells,0
AGCAAAGATATGCG-1,0,CD4+ T cells,2
AGCACAACAGTCTG-1,0,CD4+ T cells,2
AGCACTGAGGGAGT-1,0,CD4+ T cells,2
AGCACTGATATGCG-1,0,CD4+ T cells,2
AGCACTGATGCTTT-1,1,CD8+ T cells,5
AGCACTGATTGCGA-1,0,CD4+ T cells,2
AGCATCGAAGATCC-1,0,CD4+ T cells,2
AGCATCGAAGGGTG-1,3,NK cells,3
AGCATCGAGCTTCC-1,1,CD8+ T cells,5
AGCATCGAGTGAGG-1,0,CD4+ T cells,2
AGCATCGATAACCG-1,1,CD8+ T cells,5
AGCATGACGATGAA-1,0,CD4+ T cells,2
AGCCAATGGGGAGT-1,1,CD8+ T cells,5
AGCCAATGTATCTC-1,0,CD4+ T cells,2
AGCCACCTGGATCT-1,0,CD4+ T cells,2
AGCCGGTGCCAATG-1,0,CD4+ T cells,2
AGCCGGTGTGTTTC-1,0,CD4+ T cells,2
AGCCGTCTCAATCG-1,0,CD4+ T cells,2
AGCCGTCTGAGAGC-1,0,CD4+ T cells,2
AGCCTCACGTTCGA-1,0,CD4+ T cells,2
AGCCTCACTGTCAG-1,1,CD8+ T cells,5
AGCCTCTGCAGTTG-1,3,NK cells,3
AGCCTCTGCCAATG-1,5,Dendritic cells,0
AGCGAACTGGATCT-1,0,CD4+ T cells,2
AGCGAACTTACTGG-1,0,CD4+ T cells,2
AGCGATACGGAGCA-1,0,CD4+ T cells,2
AGCGATTGAGATCC-1,5,Dendritic cells,0
AGCGCCGAATCTCT-1,0,CD4+ T cells,2
AGCGCCGACAGAGG-1,0,CD4+ T cells,2
AGCGCTCTACCTTT-1,0,CD4+ T cells,2
AGCGGCACCGGGAA-1,0,CD4+ T cells,2
AGCGGCTGATGTGC-1,0,CD4+ T cells,2
AGCGGGCTTGCCAA-1,0,CD4+ T cells,2
AGCGTAACATGCTG-1,0,CD4+ T cells,2
AGCGTAACTGAGAA-1,1,CD8+ T cells,5
AGCTCGCTACTGGT-1,0,CD4+ T cells,2
AGCTCGCTCTGCTC-1,0,CD4+ T cells,2
AGCTGAACCATACG-1,1,CD8+ T cells,5
AGCTGAACCTCTCG-1,0,CD4+ T cells,2
AGCTGCCTTGGGAG-1,1,CD8+ T cells,5
AGCTGCCTTTCATC-1,0,CD4+ T cells,2
AGCTGCCTTTCTGT-1,0,CD4+ T cells,2
AGCTGTGATCCAAG-1,0,CD4+ T cells,2
AGCTTTACAAGTAG-1,0,CD4+ T cells,2
AGCTTTACACCAAC-1,0,CD4+ T cells,2
AGCTTTACTCTCAT-1,3,NK cells,3
AGGAAATGAGGAGC-1,0,CD4+ T cells,2
AGGAACCTCTTAGG-1,1,CD8+ T cells,5
AGGAACCTTGCCTC-1,0,CD4+ T cells,2
AGGAATGATAACGC-1,0,CD4+ T cells,2
AGGAATGATTTGTC-1,0,CD4+ T cells,2
AGGAGTCTGGTTTG-1,0,CD4+ T cells,2
AGGAGTCTTGTCAG-1,0,CD4+ T cells,2
AGGATAGACATTTC-1,0,CD4+ T cells,2
AGGATAGAGGATTC-1,5,Dendritic cells,0
AGGATGCTACTAGC-1,3,NK cells,3
AGGATGCTTTAGGC-1,5,Dendritic cells,0
AGGCAACTGAAGGC-1,0,CD4+ T cells,2
AGGCAGGAGTACCA-1,0,CD4+ T cells,2
AGGCCTCTAGTCGT-1,0,CD4+ T cells,2
AGGCCTCTCGGAGA-1,0,CD4+ T cells,2
AGGCCTCTCGTAAC-1,0,CD4+ T cells,2
AGGGACGACGTTGA-1,0,CD4+ T cells,2
AGGGACGAGTCAAC-1,5,Dendritic cells,0
AGGGACGAGTTGTG-1,0,CD4+ T cells,2
AGGGACGATAGAGA-1,0,CD4+ T cells,2
AGGGACGATGCATG-1,0,CD4+ T cells,2
AGGGAGTGAGCCTA-1,0,CD4+ T cells,2
AGGGCCACCATACG-1,0,CD4+ T cells,2
AGGGCGCTAACCAC-1,1,CD8+ T cells,5
AGGGCGCTATGGTC-1,0,CD4+ T cells,2
AGGGTGGACAGTCA-1,3,NK cells,3
AGGGTGGACTCAAG-1,1,CD8+ T cells,5
AGGGTGGAGTTGCA-1,0,CD4+ T cells,2
AGGGTTTGTTCATC-1,1,CD8+ T cells,5
AGGTCATGAGTGTC-1,3,NK cells,3
AGGTCATGCTTATC-1,0,CD4+ T cells,2
AGGTCTGATTCTCA-1,1,CD8+ T cells,5
AGGTGGGAAGAATG-1,0,CD4+ T cells,2
AGGTGGGAAGTTCG-1,0,CD4+ T cells,2
AGGTGTTGGTTACG-1,3,NK cells,3
AGGTTCGAACCTCC-1,1,CD8+ T cells,5
AGGTTCGAACGTAC-1,1,CD8+ T cells,5
AGGTTCGAGGGTGA-1,0,CD4+ T cells,2
AGTAAGGAGTTTGG-1,0,CD4+ T cells,2
AGTAAGGATTCTTG-1,0,CD4+ T cells,2
AGTAATACATCACG-1,5,Dendritic cells,0
AGTAATACCGAACT-1,3,NK cells,3
AGTAATTGTCCCAC-1,0,CD4+ T cells,2
AGTACGTGAGGGTG-1,0,CD4+ T cells,2
AGTACGTGCTGCAA-1,0,CD4+ T cells,2
AGTACGTGCTTGGA-1,0,CD4+ T cells,2
AGTACTCTACGTGT-1,3,NK cells,3
AGTACTCTCAACCA-1,0,CD4+ T cells,2
AGTACTCTCGGTAT-1,0,CD4+ T cells,2
AGTAGGCTTGCCTC-1,1,CD8+ T cells,5
AGTATAACTTGTCT-1,1,CD8+ T cells,5
AGTATCCTAGAACA-1,0,CD4+ T cells,2
AGTCACGATGAGCT-1,5,Dendritic cells,0
AGTCAGACGAATAG-1,0,CD4+ T cells,2
AGTCAGACGCTTAG-1,0,CD4+ T cells,2
AGTCAGACTAGAGA-1,0,CD4+ T cells,2
AGTCAGACTGCACA-1,0,CD4+ T cells,2
AGTCCAGATATCTC-1,0,CD4+ T cells,2
AGTCCAGATTTCAC-1,0,CD4+ T cells,2
AGTCGAACCAACCA-1,0,CD4+ T cells,2
AGTCGCCTCCGTAA-1,0,CD4+ T cells,2
AGTCTACTAGGGTG-1,1,CD8+ T cells,5
AGTCTACTTGCATG-1,1,CD8+ T cells,5
AGTCTTACACCACA-1,0,CD4+ T cells,2
AGTCTTACTTCGCC-1,0,CD4+ T cells,2
AGTCTTACTTCGGA-1,4,Monocytes,4
AGTGACTGCAACTG-1,1,CD8+ T cells,5
AGTGTTCTAACCTG-1,0,CD4+ T cells,2
AGTGTTCTATAAGG-1,0,CD4+ T cells,2
AGTGTTCTCACTTT-1,1,CD8+ T cells,5
AGTTAAACCACTTT-1,0,CD4+ T cells,2
AGTTATGAACAGTC-1,1,CD8+ T cells,5
AGTTATGACTGAGT-1,0,CD4+ T cells,2
AGTTATGAGTTCAG-1,0,CD4+ T cells,2
AGTTCTACCAGCTA-1,1,CD8+ T cells,5
AGTTCTTGAAGCCT-1,0,CD4+ T cells,2
AGTTGTCTACTACG-1,0,CD4+ T cells,2
AGTTTAGATGGTCA-1,0,CD4+ T cells,2
AGTTTCACGGTCTA-1,0,CD4+ T cells,2
AGTTTGCTACAGTC-1,0,CD4+ T cells,2
AGTTTGCTACTGGT-1,5,Dendritic cells,0
AGTTTGCTCCAAGT-1,0,CD4+ T cells,2
ATAAACACAGTGCT-1,3,NK cells,3
ATAAACACCACCAA-1,0,CD4+ T cells,2
ATAACAACATGCTG-1,1,CD8+ T cells,5
ATAACAACGTCTAG-1,0,CD4+ T cells,2
ATAACAACTTTGTC-1,0,CD4+ T cells,2
ATAACATGTACTCT-1,0,CD4+ T cells,2
ATAACCCTGTTGGT-1,0,CD4+ T cells,2
ATAACCCTTGGTAC-1,0,CD4+ T cells,2
ATAAGTACGAATGA-1,3,NK cells,3
ATAAGTTGGTACGT-1,1,CD8+ T cells,5
ATAAGTTGTCTAGG-1,0,CD4+ T cells,2
ATAATCGAGCTGAT-1,3,NK cells,3
ATAATCGATGGTTG-1,0,CD4+ T cells,2
ATAATGACCTACTT-1,0,CD4+ T cells,2
ATAATGACTCGTGA-1,1,CD8+ T cells,5
ATACAATGTTAGGC-1,0,CD4+ T cells,2
ATACCACTCGTACA-1,1,CD8+ T cells,5
ATACCACTCTAAGC-1,1,CD8+ T cells,5
ATACCACTGCCAAT-1,5,Dendritic cells,0
ATACCGGAATGCTG-1,1,CD8+ T cells,5
ATACCGGACATTTC-1,1,CD8+ T cells,5
ATACCGGACTTCGC-1,0,CD4+ T cells,2
ATACCGGAGGTGTT-1,1,CD8+ T cells,5
ATACCGGATCTCGC-1,0,CD4+ T cells,2
ATACCTACGCATCA-1,0,CD4+ T cells,2
ATACCTTGGGGCAA-1,0,CD4+ T cells,2
ATACGGACAGACTC-1,1,CD8+ T cells,5
ATACGGACCTACTT-1,1,CD8+ T cells,5
ATACGGACGAGGTG-1,3,NK cells,3
ATACGGACTATGCG-1,3,NK cells,3
ATACGGACTCTGGA-1,1,CD8+ T cells,5
ATACGTCTTAACGC-1,1,CD8+ T cells,5
ATACTCTGCTTCGC-1,1,CD8+ T cells,5
ATACTCTGGTATGC-1,5,Dendritic cells,0
ATAGATACCATGGT-1,0,CD4+ T cells,2
ATAGATACGACGAG-1,0,CD4+ T cells,2
ATAGATTGGTGTAC-1,3,NK cells,3
ATAGCCGAACGGAG-1,0,CD4+ T cells,2
ATAGCGTGCAGATC-1,0,CD4+ T cells,2
ATAGCGTGCCCTTG-1,1,CD8+ T cells,5
ATAGCGTGGTATCG-1,1,CD8+ T cells,5
ATAGCGTGTCTCTA-1,0,CD4+ T cells,2
ATAGCTCTCTGATG-1,0,CD4+ T cells,2
ATAGCTCTGAGGTG-1,0,CD4+ T cells,2
ATAGGAGAAACAGA-1,1,CD8+ T cells,5
ATAGGCTGTCAGAC-1,0,CD4+ T cells,2
ATAGTCCTAGTGTC-1,1,CD8+ T cells,5
ATAGTCCTTGCATG-1,0,CD4+ T cells,2
ATAGTCCTTGTCGA-1,0,CD4+ T cells,2
ATAGTTGACAACTG-1,0,CD4+ T cells,2
ATAGTTGACCCTCA-1,1,CD8+ T cells,5
ATAGTTGAGACGTT-1,0,CD4+ T cells,2
ATAGTTGATAAGCC-1,0,CD4+ T cells,2
ATATACGAAGCCAT-1,0,CD4+ T cells,2
ATATACGAATTGGC-1,0,CD4+ T cells,2
ATATAGTGGAATGA-1,1,CD8+ T cells,5
ATATGCCTAGATCC-1,1,CD8+ T cells,5
ATATGCCTGGACAG-1,0,CD4+ T cells,2
ATATGCCTTCTCTA-1,0,CD4+ T cells,2
ATATGCCTTGGTAC-1,0,CD4+ T cells,2
ATCAAATGAGCCTA-1,1,CD8+ T cells,5
ATCAAATGGGTAAA-1,1,CD8+ T cells,5
ATCAACCTAAACGA-1,0,CD4+ T cells,2
ATCAACCTGAGGAC-1,0,CD4+ T cells,2
ATCAACCTTCTCTA-1,0,CD4+ T cells,2
ATCAACCTTTGTCT-1,0,CD4+ T cells,2
ATCACACTTTGTCT-1,0,CD4+ T cells,2
ATCACGGATTGCTT-1,1,CD8+ T cells,5
ATCACGGATTTCGT-1,3,NK cells,3
ATCATCTGACACCA-1,2,B cells,1
ATCATGCTAGAGTA-1,0,CD4+ T cells,2
ATCATGCTGAACCT-1,3,NK cells,3
ATCCAGGACGCTAA-1,1,CD8+ T cells,5
ATCCAGGATGGAAA-1,0,CD4+ T cells,2
ATCCATACTCCTTA-1,1,CD8+ T cells,5
ATCCATACTTCATC-1,1,CD8+ T cells,5
ATCCCGTGCAGTCA-1,5,Dendritic cells,0
ATCCCGTGCATGCA-1,3,NK cells,3
ATCCCGTGGCTGAT-1,3,NK cells,3
ATCCGCACGCATCA-1,3,NK cells,3
ATCCTAACGACGGA-1,3,NK cells,3
ATCCTAACGCTACA-1,0,CD4+ T cells,2
ATCGACGAAACTGC-1,1,CD8+ T cells,5
ATCGACGAATGACC-1,0,CD4+ T cells,2
ATCGAGTGGACGTT-1,0,CD4+ T cells,2
ATCGCAGAATCTCT-1,1,CD8+ T cells,5
ATCGCAGAGTGTCA-1,3,NK cells,3
ATCGCCACTGAGGG-1,0,CD4+ T cells,2
ATCGCCTGGGTCAT-1,0,CD4+ T cells,2
ATCGCCTGTGGCAT-1,3,NK cells,3
ATCGCGCTCAGAGG-1,1,CD8+ T cells,5
ATCGCGCTGGGATG-1,0,CD4+ T cells,2
ATCGCGCTTTTCGT-1,3,NK cells,3
ATCGGAACCAGTCA-1,0,CD4+ T cells,2
ATCGGTGAGTCAAC-1,0,CD4+ T cells,2
ATCGGTGATTGCAG-1,0,CD4+ T cells,2
ATCGTTTGCCTACC-1,1,CD8+ T cells,5
ATCGTTTGGGTACT-1,1,CD8+ T cells,5
ATCGTTTGTGCCAA-1,1,CD8+ T cells,5
ATCTACACCCGCTT-1,1,CD8+ T cells,5
ATCTACACCGGGAA-1,0,CD4+ T cells,2
ATCTCAACAGGAGC-1,3,NK cells,3
ATCTCAACCTCGAA-1,0,CD4+ T cells,2
ATCTCAACCTTGTT-1,1,CD8+ T cells,5
ATCTGGGAAACCAC-1,1,CD8+ T cells,5
ATCTGGGAAGTGTC-1,1,CD8+ T cells,5
ATCTGGGATTCCGC-1,0,CD4+ T cells,2
ATCTGTTGAACGGG-1,0,CD4+ T cells,2
ATCTGTTGACCTCC-1,0,CD4+ T cells,2
ATCTGTTGCCTTCG-1,1,CD8+ T cells,5
ATCTGTTGGTTGCA-1,0,CD4+ T cells,2
ATCTTGACACCAAC-1,0,CD4+ T cells,2
ATCTTGACCTCCCA-1,1,CD8+ T cells,5
ATCTTTCTGCATCA-1,0,CD4+ T cells,2
ATCTTTCTGTTTCT-1,0,CD4+ T cells,2
ATCTTTCTTGTCCC-1,5,Dendritic cells,0
ATGAAACTCTGTGA-1,0,CD4+ T cells,2
ATGAAACTGAGGCA-1,0,CD4+ T cells,2
ATGAAGGAACAGCT-1,0,CD4+ T cells,2
ATGAAGGACCTGTC-1,3,NK cells,3
ATGAAGGACCTTAT-1,3,NK cells,3
ATGAAGGACTAGTG-1,3,NK cells,3
ATGAAGGACTTGCC-1,5,Dendritic cells,0
ATGACGTGACGACT-1,3,NK cells,3
ATGACGTGATCGGT-1,1,CD8+ T cells,5
ATGAGAGAAAGTGA-1,0,CD4+ T cells,2
ATGAGAGAACGCAT-1,0,CD4+ T cells,2
ATGAGAGAAGTAGA-1,3,NK cells,3
ATGAGCACACAGCT-1,0,CD4+ T cells,2
ATGAGCACATCTTC-1,0,CD4+ T cells,2
ATGATAACTTCACT-1,5,Dendritic cells,0
ATGATATGAAACAG-1,0,CD4+ T cells,2
ATGATATGACTGGT-1,0,CD4+ T cells,2
ATGATATGAGCACT-1,0,CD4+ T cells,2
ATGATATGGTCATG-1,0,CD4+ T cells,2
ATGATATGGTGCTA-1,5,Dendritic cells,0
ATGATATGTTGTCT-1,1,CD8+ T cells,5
ATGCACGAATGTCG-1,3,NK cells,3
ATGCACGACTGTAG-1,0,CD4+ T cells,2
ATGCACGAGAACCT-1,3,NK cells,3
ATGCACGAGTTCGA-1,0,CD4+ T cells,2
ATGCACGATTGGTG-1,1,CD8+ T cells,5
ATGCAGTGTTACCT-1,3,NK cells,3
ATGCAGTGTTCTAC-1,0,CD4+ T cells,2
ATGCCAGAACGACT-1,0,CD4+ T cells,2
ATGCCAGACAGTCA-1,1,CD8+ T cells,5
ATGCCGCTTGAACC-1,1,CD8+ T cells,5
ATGCGATGCTATGG-1,1,CD8+ T cells,5
ATGCGATGCTGAGT-1,0,CD4+ T cells,2
ATGCGATGGTTACG-1,3,NK cells,3
ATGCGCCTTCATTC-1,0,CD4+ T cells,2
ATGCTTTGCGAATC-1,0,CD4+ T cells,2
ATGCTTTGGGCGAA-1,0,CD4+ T cells,2
ATGCTTTGTAGTCG-1,3,NK cells,3
ATGGACACATCGGT-1,0,CD4+ T cells,2
ATGGACACGCATCA-1,5,Dendritic cells,0
ATGGGTACAACCTG-1,3,NK cells,3
ATGGGTACATCGGT-1,5,Dendritic cells,0
ATGGGTACTATTCC-1,0,CD4+ T cells,2
ATGGGTACTGGGAG-1,0,CD4+ T cells,2
ATGTAAACACCTCC-1,0,CD4+ T cells,2
ATGTAAACCCGCTT-1,0,CD4+ T cells,2
ATGTAAACGGGATG-1,1,CD8+ T cells,5
ATGTAAACTCTCCG-1,0,CD4+ T cells,2
ATGTAAACTTCACT-1,1,CD8+ T cells,5
ATGTACCTCAGTCA-1,0,CD4+ T cells,2
ATGTACCTTAGTCG-1,0,CD4+ T cells,2
ATGTACCTTTATCC-1,1,CD8+ T cells,5
ATGTACCTTTCACT-1,5,Dendritic cells,0
ATGTCACTAATGCC-1,1,CD8+ T cells,5
ATGTCACTCTGCTC-1,0,CD4+ T cells,2
ATGTCGGAGGTGAG-1,0,CD4+ T cells,2
ATGTTCACAGTCTG-1,1,CD8+ T cells,5
ATGTTCACCGTAGT-1,0,CD4+ T cells,2
ATGTTGCTTTCAGG-1,0,CD4+ T cells,2
ATTAACGATGAGAA-1,5,Dendritic cells,0
ATTAACGATGCAAC-1,5,Dendritic cells,0
ATTAAGACTGCAGT-1,0,CD4+ T cells,2
ATTACCTGCCTTAT-1,1,CD8+ T cells,5
ATTACCTGGAGGAC-1,1,CD8+ T cells,5
ATTACCTGGGCATT-1,3,NK cells,3
ATTAGATGTTTCAC-1,0,CD4+ T cells,2
ATTATGGAATCTCT-1,0,CD4+ T cells,2
ATTCAAGAACGGGA-1,0,CD4+ T cells,2
ATTCAAGACCTTTA-1,0,CD4+ T cells,2
ATTCAGCTCATTGG-1,6,Unknown,6
ATTCCAACCATTGG-1,1,CD8+ T cells,5
ATTCCAACTTAGGC-1,5,Dendritic cells,0
ATTCGACTCACTAG-1,0,CD4+ T cells,2
ATTCGACTGAATAG-1,1,CD8+ T cells,5
ATTCGACTTTTGTC-1,1,CD8+ T cells,5
ATTCGGGAAAGGCG-1,1,CD8+ T cells,5
ATTCGGGATTAGGC-1,0,CD4+ T cells,2
ATTCTTCTGATACC-1,0,CD4+ T cells,2
ATTGAATGGACGGA-1,0,CD4+ T cells,2
ATTGATGAAGGTTC-1,0,CD4+ T cells,2
ATTGATGACTGAGT-1,0,CD4+ T cells,2
ATTGATGAGCGAAG-1,0,CD4+ T cells,2
ATTGATGATCTATC-1,0,CD4+ T cells,2
ATTGCACTGACGGA-1,0,CD4+ T cells,2
ATTGCACTGAGAGC-1,1,CD8+ T cells,5
ATTGCACTGGAGCA-1,1,CD8+ T cells,5
ATTGCACTTAGCCA-1,0,CD4+ T cells,2
ATTGCACTTGCTTT-1,1,CD8+ T cells,5
ATTGCTTGTTACTC-1,3,NK cells,3
ATTGGTCTGACTAC-1,3,NK cells,3
ATTGGTCTTGTCTT-1,3,NK cells,3
ATTGTAGATTCCCG-1,1,CD8+ T cells,5
ATTGTAGATTGCAG-1,0,CD4+ T cells,2
ATTGTCTGCGTACA-1,0,CD4+ T cells,2
ATTTAGGAACCATG-1,1,CD8+ T cells,5
ATTTAGGACAGAGG-1,0,CD4+ T cells,2
ATTTCCGAGATGAA-1,0,CD4+ T cells,2
ATTTCCGAGTGCTA-1,0,CD4+ T cells,2
ATTTCGTGTATGGC-1,5,Dendritic cells,0
ATTTCTCTACTTTC-1,1,CD8+ T cells,5
ATTTCTCTAGCAAA-1,0,CD4+ T cells,2
ATTTCTCTCACTTT-1,1,CD8+ T cells,5
ATTTCTCTTCCCAC-1,0,CD4+ T cells,2
ATTTGCACAAGATG-1,1,CD8+ T cells,5
CAAAGCACAGCTCA-1,0,CD4+ T cells,2
CAAAGCACCGTAAC-1,3,NK cells,3
CAAAGCACGGTAAA-1,5,Dendritic cells,0
CAAAGCTGAAAGTG-1,0,CD4+ T cells,2
CAAAGCTGTTGCTT-1,1,CD8+ T cells,5
CAAATATGTGACAC-1,0,CD4+ T cells,2
CAAATTGAGGGCAA-1,0,CD4+ T cells,2
CAAATTGATGGAGG-1,1,CD8+ T cells,5
CAACCAGAAAAGTG-1,0,CD4+ T cells,2
CAACCAGAAGTGCT-1,0,CD4+ T cells,2
CAACCAGAGTTCAG-1,1,CD8+ T cells,5
CAACCAGATAGAAG-1,1,CD8+ T cells,5
CAACCGCTGTTCAG-1,0,CD4+ T cells,2
CAACCGCTTTGAGC-1,0,CD4+ T cells,2
CAACGATGCGCAAT-1,1,CD8+ T cells,5
CAACGTGACTCCAC-1,1,CD8+ T cells,5
CAACGTGAGCCATA-1,5,Dendritic cells,0
CAACGTGATCAAGC-1,1,CD8+ T cells,5
CAAGAAGACCACAA-1,0,CD4+ T cells,2
CAAGAAGACGTCTC-1,1,CD8+ T cells,5
CAAGAAGATTCTAC-1,0,CD4+ T cells,2
CAAGACTGACCTGA-1,3,NK cells,3
CAAGACTGAGTAGA-1,3,NK cells,3
CAAGCTGACCATAG-1,1,CD8+ T cells,5
CAAGCTGATCTATC-1,5,Dendritic cells,0
CAAGGACTGTTCAG-1,0,CD4+ T cells,2
CAAGGACTTCTTTG-1,0,CD4+ T cells,2
CAAGGTTGCTCCAC-1,0,CD4+ T cells,2
CAAGGTTGTCATTC-1,3,NK cells,3
CAAGGTTGTCTGGA-1,5,Dendritic cells,0
CAAGTCGAAACAGA-1,3,NK cells,3
CAAGTCGATAGCGT-1,1,CD8+ T cells,5
CAATAAACGCCATA-1,1,CD8+ T cells,5
CAATAATGAACTGC-1,1,CD8+ T cells,5
CAATATGACATGGT-1,0,CD4+ T cells,2
CAATATGACCTTCG-1,5,Dendritic cells,0
CAATATGACGTTAG-1,0,CD4+ T cells,2
CAATATGAGGAGCA-1,0,CD4+ T cells,2
CAATCGGAGAAACA-1,0,CD4+ T cells,2
CAATCTACTGACTG-1,5,Dendritic cells,0
CAATTCACCCAACA-1,5,Dendritic cells,0
CAATTCACGATAGA-1,0,CD4+ T cells,2
CAATTCACTTGTGG-1,0,CD4+ T cells,2
CAATTCTGCTTGTT-1,1,CD8+ T cells,5
CAATTCTGGCGTAT-1,1,CD8+ T cells,5
CACAACGATACGAC-1,0,CD4+ T cells,2
CACAATCTTGTTCT-1,0,CD4+ T cells,2
CACAATCTTTCCAT-1,0,CD4+ T cells,2
CACACCTGCTTGAG-1,0,CD4+ T cells,2
CACACCTGTATGGC-1,0,CD4+ T cells,2
CACAGAACCCTTGC-1,3,NK cells,3
CACAGAACCTGATG-1,0,CD4+ T cells,2
CACAGATGGGATTC-1,0,CD4+ T cells,2
CACAGATGGTTTCT-1,1,CD8+ T cells,5
CACAGCCTGATACC-1,0,CD4+ T cells,2
CACAGCCTTGCCAA-1,1,CD8+ T cells,5
CACAGCCTTGTAGC-1,0,CD4+ T cells,2
CACAGTGATGAAGA-1,1,CD8+ T cells,5
CACATACTACAGCT-1,0,CD4+ T cells,2
CACATGGAACACGT-1,0,CD4+ T cells,2
CACATGGAAGTCGT-1,0,CD4+ T cells,2
CACCACTGCCAACA-1,0,CD4+ T cells,2
CACCACTGGCGAAG-1,5,Dendritic cells,0
CACCCATGTTCTGT-1,0,CD4+ T cells,2
CACCGGGAATCGAC-1,0,CD4+ T cells,2
CACCGGGACGAGAG-1,5,Dendritic cells,0
CACCGGGACGTGTA-1,0,CD4+ T cells,2
CACCGGGACTTCTA-1,0,CD4+ T cells,2
CACCGGGACTTGCC-1,0,CD4+ T cells,2
CACCGGGATTCGGA-1,0,CD4+ T cells,2
CACCGTACTAAGGA-1,3,NK cells,3
CACCGTACTAGCGT-1,0,CD4+ T cells,2
CACCTGACACCCAA-1,5,Dendritic cells,0
CACCTGACCAGAAA-1,0,CD4+ T cells,2
CACCTGACCTCAAG-1,0,CD4+ T cells,2
CACCTGACGAAAGT-1,3,NK cells,3
CACCTGACTCGTAG-1,0,CD4+ T cells,2
CACGAAACTTCCGC-1,3,NK cells,3
CACGACCTCGATAC-1,3,NK cells,3
CACGCTACAGAAGT-1,0,CD4+ T cells,2
CACGCTACTGTTCT-1,3,NK cells,3
CACGCTACTTGACG-1,1,CD8+ T cells,5
CACGGGACAGAGTA-1,0,CD4+ T cells,2
CACGGGACATAAGG-1,0,CD4+ T cells,2
CACGGGACGTAGGG-1,0,CD4+ T cells,2
CACGGGTGCTTCGC-1,0,CD4+ T cells,2
CACGGGTGGAGGAC-1,5,Dendritic cells,0
CACGGGTGTGTTTC-1,0,CD4+ T cells,2
CACTAACTCCTAAG-1,3,NK cells,3
CACTAACTGAAAGT-1,0,CD4+ T cells,2
CACTAGGATGATGC-1,3,NK cells,3
CACTATACCCCGTT-1,3,NK cells,3
CACTATACGTTTGG-1,0,CD4+ T cells,2
CACTGAGACAGTCA-1,1,CD8+ T cells,5
CACTGCACTTCATC-1,0,CD4+ T cells,2
CACTGCTGAGACTC-1,1,CD8+ T cells,5
CACTGCTGGAAAGT-1,0,CD4+ T cells,2
CACTTAACCGAATC-1,0,CD4+ T cells,2
CACTTAACCGTACA-1,3,NK cells,3
CACTTTGACTCTAT-1,0,CD4+ T cells,2
CACTTTGAGCTGTA-1,0,CD4+ T cells,2
CAGAAGCTCTCAAG-1,0,CD4+ T cells,2
CAGACATGAACGGG-1,0,CD4+ T cells,2
CAGACATGTCGACA-1,0,CD4+ T cells,2
CAGACCCTAAGGTA-1,1,CD8+ T cells,5
CAGACCCTAATGCC-1,0,CD4+ T cells,2
CAGACCCTAGGAGC-1,0,CD4+ T cells,2
CAGACTGAGTATGC-1,0,CD4+ T cells,2
CAGATCGAATGTCG-1,3,NK cells,3
CAGATCGACCTGAA-1,0,CD4+ T cells,2
CAGATCGATATGGC-1,0,CD4+ T cells,2
CAGATGACATTCTC-1,5,Dendritic cells,0
CAGCAATGCCTTCG-1,0,CD4+ T cells,2
CAGCAATGGAGGGT-1,5,Dendritic cells,0
CAGCAATGGTGCTA-1,0,CD4+ T cells,2
CAGCAATGTCTACT-1,1,CD8+ T cells,5
CAGCAATGTGACCA-1,0,CD4+ T cells,2
CAGCAATGTGAGGG-1,1,CD8+ T cells,5
CAGCACCTAAGCCT-1,0,CD4+ T cells,2
CAGCACCTAGGCGA-1,0,CD4+ T cells,2
CAGCACCTGTAGGG-1,1,CD8+ T cells,5
CAGCATGACAACCA-1,1,CD8+ T cells,5
CAGCATGAGACGTT-1,0,CD4+ T cells,2
CAGCCTACCCAACA-1,0,CD4+ T cells,2
CAGCCTTGCTACCC-1,1,CD8+ T cells,5
CAGCCTTGGGGACA-1,0,CD4+ T cells,2
CAGCGGACACCCTC-1,0,CD4+ T cells,2
CAGCGGACCTTTAC-1,5,Dendritic cells,0
CAGCGTCTAAAGCA-1,0,CD4+ T cells,2
CAGCGTCTTATCGG-1,0,CD4+ T cells,2
CAGCTAGATGTGAC-1,1,CD8+ T cells,5
CAGCTCTGAGGCGA-1,0,CD4+ T cells,2
CAGCTCTGCAAGCT-1,0,CD4+ T cells,2
CAGCTCTGTCGTAG-1,1,CD8+ T cells,5
CAGCTCTGTGTGGT-1,5,Dendritic cells,0
CAGGAACTAACTGC-1,0,CD4+ T cells,2
CAGGAACTCTCAGA-1,1,CD8+ T cells,5
CAGGCCGAACACCA-1,0,CD4+ T cells,2
CAGGCCGAACACGT-1,0,CD4+ T cells,2
CAGGCCGAACGACT-1,0,CD4+ T cells,2
CAGGCCGAATCTCT-1,1,CD8+ T cells,5
CAGGCCGACTAGCA-1,3,NK cells,3
CAGGGCACCATACG-1,3,NK cells,3
CAGGGCACCCAACA-1,0,CD4+ T cells,2
CAGGGCACTCCCGT-1,0,CD4+ T cells,2
CAGGTAACAGACTC-1,1,CD8+ T cells,5
CAGGTATGAGTCGT-1,0,CD4+ T cells,2
CAGGTATGTGCTTT-1,0,CD4+ T cells,2
CAGGTTGAGGATCT-1,3,NK cells,3
CAGTGATGGACGGA-1,3,NK cells,3
CAGTGATGGCTAAC-1,5,Dendritic cells,0
CAGTGATGGGACAG-1,0,CD4+ T cells,2
CAGTGATGTAAGGA-1,3,NK cells,3
CAGTGATGTACGCA-1,3,NK cells,3
CAGTGTGAACACGT-1,5,Dendritic cells,0
CAGTGTGATGTCAG-1,0,CD4+ T cells,2
CAGTTACTAAGGTA-1,3,NK cells,3
CAGTTACTGATAGA-1,0,CD4+ T cells,2
CAGTTGGAAAGAGT-1,1,CD8+ T cells,5
CAGTTGGACATACG-1,0,CD4+ T cells,2
CAGTTTACACACGT-1,5,Dendritic cells,0
CAGTTTACCCCAAA-1,0,CD4+ T cells,2
CATAAAACGGAGCA-1,1,CD8+ T cells,5
CATAAATGAACTGC-1,0,CD4+ T cells,2
CATAACCTTCTCCG-1,0,CD4+ T cells,2
CATACTACCTCGAA-1,0,CD4+ T cells,2
CATACTACCTGAAC-1,0,CD4+ T cells,2
CATACTACGTACCA-1,1,CD8+ T cells,5
CATACTTGGGTTAC-1,1,CD8+ T cells,5
CATAGTCTAATCGC-1,0,CD4+ T cells,2
CATAGTCTCACTTT-1,0,CD4+ T cells,2
CATATAGACTAAGC-1,1,CD8+ T cells,5
CATATAGATCAGGT-1,3,NK cells,3
CATCAACTAGAAGT-1,0,CD4+ T cells,2
CATCAACTCCCTCA-1,0,CD4+ T cells,2
CATCAGGACTTCCG-1,5,Dendritic cells,0
CATCAGGATAGCCA-1,5,Dendritic cells,0
CATCAGGATCCTAT-1,1,CD8+ T cells,5
CATCAGGATGCACA-1,1,CD8+ T cells,5
CATCAGGATTTCGT-1,1,CD8+ T cells,5
CATCATACCGCATA-1,1,CD8+ T cells,5
CATCATACGGAGCA-1,3,NK cells,3
CATCATACTCAAGC-1,0,CD4+ T cells,2
CATCGCTGGGATCT-1,0,CD4+ T cells,2
CATCGCTGTGGCAT-1,3,NK cells,3
CATCGGCTATGCTG-1,0,CD4+ T cells,2
CATCGGCTTTGGCA-1,0,CD4+ T cells,2
CATCTCCTATGTGC-1,3,NK cells,3
CATCTCCTCGAACT-1,1,CD8+ T cells,5
CATGAGACACGGGA-1,3,NK cells,3
CATGAGACGTTGAC-1,5,Dendritic cells,0
CATGAGACTCGCCT-1,0,CD4+ T cells,2
CATGCCACGGGTGA-1,0,CD4+ T cells,2
CATGCCACTGCCAA-1,0,CD4+ T cells,2
CATGCGCTAGTCAC-1,1,CD8+ T cells,5
CATGCGCTCAGATC-1,1,CD8+ T cells,5
CATGCGCTTTGCAG-1,1,CD8+ T cells,5
CATGGCCTAGGGTG-1,1,CD8+ T cells,5
CATGGCCTGTGCAT-1,0,CD4+ T cells,2
CATGTACTATCGTG-1,5,Dendritic cells,0
CATGTTACAGTCGT-1,0,CD4+ T cells,2
CATGTTACCTGAGT-1,0,CD4+ T cells,2
CATGTTTGGGGATG-1,1,CD8+ T cells,5
CATTACACACGGAG-1,3,NK cells,3
CATTACACCAACTG-1,5,Dendritic cells,0
CATTACACGGAGTG-1,0,CD4+ T cells,2
CATTACACTACTCT-1,0,CD4+ T cells,2
CATTAGCTCCACAA-1,1,CD8+ T cells,5
CATTGACTAGCGGA-1,1,CD8+ T cells,5
CATTGGGACTCGAA-1,0,CD4+ T cells,2
CATTGTACAGCGTT-1,0,CD4+ T cells,2
CATTGTACTCGATG-1,3,NK cells,3
CATTGTACTTATCC-1,0,CD4+ T cells,2
CATTGTACTTTGCT-1,1,CD8+ T cells,5
CATTGTTGCTAGTG-1,0,CD4+ T cells,2
CATTTCGACTCTAT-1,0,CD4+ T cells,2
CATTTCGAGATACC-1,5,Dendritic cells,0
CATTTGACCACACA-1,0,CD4+ T cells,2
CATTTGACCCTGAA-1,0,CD4+ T cells,2
CATTTGTGACGACT-1,3,NK cells,3
CATTTGTGCATTGG-1,0,CD4+ T cells,2
CATTTGTGCGGAGA-1,0,CD4+ T cells,2
CATTTGTGGGATCT-1,3,NK cells,3
CCAAAGTGCTACGA-1,1,CD8+ T cells,5
CCAAAGTGTGAGAA-1,1,CD8+ T cells,5
CCAACCTGAAGTAG-1,5,Dendritic cells,0
CCAACCTGACGTAC-1,1,CD8+ T cells,5
CCAACCTGTTCGCC-1,1,CD8+ T cells,5
CCAAGAACCCAATG-1,0,CD4+ T cells,2
CCAAGAACGTAGCT-1,0,CD4+ T cells,2
CCAAGAACGTGTCA-1,0,CD4+ T cells,2
CCAAGAACTACTGG-1,5,Dendritic cells,0
CCAAGAACTCCTAT-1,3,NK cells,3
CCAAGATGTCATTC-1,0,CD4+ T cells,2
CCAAGATGTTTCAC-1,0,CD4+ T cells,2
CCAAGTGAGGAACG-1,0,CD4+ T cells,2
CCAAGTGATCAAGC-1,0,CD4+ T cells,2
CCAATGGAACAGCT-1,1,CD8+ T cells,5
CCAATTTGAACGTC-1,1,CD8+ T cells,5
CCACCATGAACGTC-1,0,CD4+ T cells,2
CCACCATGATCGGT-1,0,CD4+ T cells,2
CCACCATGGACGAG-1,1,CD8+ T cells,5
CCACCATGGGGAGT-1,0,CD4+ T cells,2
CCACCATGTCCTGC-1,0,CD4+ T cells,2
CCACTGACCCGCTT-1,1,CD8+ T cells,5
CCACTGTGGGAAGC-1,1,CD8+ T cells,5
CCACTGTGTGTAGC-1,0,CD4+ T cells,2
CCACTTCTCGGGAA-1,1,CD8+ T cells,5
CCAGAAACCCTGTC-1,3,NK cells,3
CCAGAAACGAACTC-1,0,CD4+ T cells,2
CCAGAAACGGTCTA-1,0,CD4+ T cells,2
CCAGACCTCTGAGT-1,1,CD8+ T cells,5
CCAGACCTTGTGGT-1,0,CD4+ T cells,2
CCAGCACTGCGATT-1,1,CD8+ T cells,5
CCAGCGGAAAGGCG-1,1,CD8+ T cells,5
CCAGCGGACGACTA-1,1,CD8+ T cells,5
CCAGCGGATGGGAG-1,0,CD4+ T cells,2
CCAGCTACACAGTC-1,0,CD4+ T cells,2
CCAGCTACCAGCTA-1,3,NK cells,3
CCAGGTCTACACCA-1,3,NK cells,3
CCAGGTCTAGCATC-1,1,CD8+ T cells,5
CCAGGTCTATGGTC-1,0,CD4+ T cells,2
CCAGTCACACTGGT-1,1,CD8+ T cells,5
CCAGTCACACTGTG-1,3,NK cells,3
CCAGTCACGTTGTG-1,0,CD4+ T cells,2
CCAGTCTGCGGAGA-1,3,NK cells,3
CCAGTGCTAACCAC-1,0,CD4+ T cells,2
CCAGTGCTCGTAGT-1,0,CD4+ T cells,2
CCATCCGAAAGCAA-1,0,CD4+ T cells,2
CCATCCGAACGACT-1,0,CD4+ T cells,2
CCATCCGAAGGTTC-1,3,NK cells,3
CCATCCGATTCGCC-1,1,CD8+ T cells,5
CCATCGTGAACGGG-1,0,CD4+ T cells,2
CCATCGTGCTAGAC-1,1,CD8+ T cells,5
CCCAACACCTCGCT-1,3,NK cells,3
CCCAACACGCATCA-1,0,CD4+ T cells,2
CCCAACACTTTGTC-1,1,CD8+ T cells,5
CCCAACTGCAATCG-1,1,CD8+ T cells,5
CCCAGACTGCCTTC-1,1,CD8+ T cells,5
CCCAGACTGGTTTG-1,3,NK cells,3
CCCAGACTTTCGCC-1,1,CD8+ T cells,5
CCCAGTTGCAGTTG-1,1,CD8+ T cells,5
CCCAGTTGGGTACT-1,0,CD4+ T cells,2
CCCAGTTGTCTATC-1,3,NK cells,3
CCCGATTGTGTTTC-1,0,CD4+ T cells,2
CCCGGAGAAGGGTG-1,1,CD8+ T cells,5
CCCTACGAATTGGC-1,1,CD8+ T cells,5
CCCTAGTGCAAAGA-1,0,CD4+ T cells,2
CCCTCAGACACTTT-1,3,NK cells,3
CCCTCAGACGAGAG-1,0,CD4+ T cells,2
CCCTCAGAGGTCAT-1,0,CD4+ T cells,2
CCCTGAACTAAAGG-1,3,NK cells,3
CCCTGATGCAACCA-1,0,CD4+ T cells,2
CCCTGATGCAAGCT-1,3,NK cells,3
CCCTTACTAACCAC-1,1,CD8+ T cells,5
CCCTTACTGCAGTT-1,0,CD4+ T cells,2
CCGAAAACCTTGTT-1,1,CD8+ T cells,5
CCGACACTGGTTTG-1,0,CD4+ T cells,2
CCGACTACCCAGTA-1,1,CD8+ T cells,5
CCGACTACCGTGTA-1,0,CD4+ T cells,2
CCGACTACTGAGGG-1,0,CD4+ T cells,2
CCGATAGACCTAAG-1,0,CD4+ T cells,2
CCGATAGAGTTGGT-1,1,CD8+ T cells,5
CCGCGAGACACACA-1,1,CD8+ T cells,5
CCGCGAGAGGTTCA-1,0,CD4+ T cells,2
CCGCTATGGGACGA-1,3,NK cells,3
CCGCTATGTGCAAC-1,1,CD8+ T cells,5
CCGCTATGTGCACA-1,1,CD8+ T cells,5
CCGGTACTGTCCTC-1,0,CD4+ T cells,2
CCGTACACAAGCAA-1,0,CD4+ T cells,2
CCGTACACAGCGTT-1,3,NK cells,3
CCGTACACGTCATG-1,0,CD4+ T cells,2
CCGTACACGTTGGT-1,1,CD8+ T cells,5
CCGTACACTAACGC-1,0,CD4+ T cells,2
CCTAAACTTTCGTT-1,0,CD4+ T cells,2
CCTAAGGACCCAAA-1,0,CD4+ T cells,2
CCTAAGGACTAGCA-1,1,CD8+ T cells,5
CCTAAGGAGGGCAA-1,0,CD4+ T cells,2
CCTAAGGATGATGC-1,0,CD4+ T cells,2
CCTAAGGATGTCAG-1,0,CD4+ T cells,2
CCTACCGACTCTTA-1,0,CD4+ T cells,2
CCTACCGAGGGATG-1,3,NK cells,3
CCTAGAGAGGTGAG-1,3,NK cells,3
CCTATAACCAAAGA-1,0,CD4+ T cells,2
CCTATAACGAGACG-1,1,CD8+ T cells,5
CCTATAACTCAGAC-1,0,CD4+ T cells,2
CCTATAACTGCATG-1,1,CD8+ T cells,5
CCTCGAACACTTTC-1,5,Dendritic cells,0
CCTCGAACCCGTAA-1,1,CD8+ T cells,5
CCTCGAACGTATCG-1,0,CD4+ T cells,2
CCTCGAACTTACTC-1,0,CD4+ T cells,2
CCTCTACTCTTCGC-1,1,CD8+ T cells,5
CCTCTACTGGCATT-1,0,CD4+ T cells,2
CCTGACTGAAGTAG-1,0,CD4+ T cells,2
CCTGACTGGGGAGT-1,0,CD4+ T cells,2
CCTGACTGTGTCTT-1,3,NK cells,3
CCTGCAACACGTTG-1,1,CD8+ T cells,5
CCTGGACTCGTGAT-1,0,CD4+ T cells,2
CCTTAATGCCCAAA-1,3,NK cells,3
CCTTAATGTTCTAC-1,1,CD8+ T cells,5
CCTTCACTACGACT-1,0,CD4+ T cells,2
CCTTCACTCAGTCA-1,3,NK cells,3
CCTTCACTGGAGTG-1,1,CD8+ T cells,5
CCTTTAGATTCATC-1,1,CD8+ T cells,5
CGAACATGCCCTAC-1,1,CD8+ T cells,5
CGAACATGTCAGAC-1,0,CD4+ T cells,2
CGAAGACTGGAACG-1,0,CD4+ T cells,2
CGAAGACTGTTACG-1,0,CD4+ T cells,2
CGAAGGGAAACCTG-1,0,CD4+ T cells,2
CGAAGGGATCCGAA-1,3,NK cells,3
CGAAGTACCAACTG-1,3,NK cells,3
CGAATCGAGGAGCA-1,1,CD8+ T cells,5
CGAATCGAGGAGGT-1,0,CD4+ T cells,2
CGACAAACCCATAG-1,0,CD4+ T cells,2
CGACAAACCGACAT-1,3,NK cells,3
CGACCACTAAAGTG-1,5,Dendritic cells,0
CGACCACTGCCAAT-1,5,Dendritic cells,0
CGACCGGAAGGTCT-1,0,CD4+ T cells,2
CGACCGGATGGAAA-1,0,CD4+ T cells,2
CGACCTTGCTAGTG-1,0,CD4+ T cells,2
CGACCTTGGCAAGG-1,0,CD4+ T cells,2
CGACGTCTATCGTG-1,0,CD4+ T cells,2
CGACGTCTCGTGTA-1,0,CD4+ T cells,2
CGACGTCTGAGGCA-1,0,CD4+ T cells,2
CGACTCACGTCGTA-1,0,CD4+ T cells,2
CGACTCACGTTGCA-1,0,CD4+ T cells,2
CGACTCTGTGTGAC-1,0,CD4+ T cells,2
CGACTGCTTCCTCG-1,1,CD8+ T cells,5
CGAGAACTAAGGCG-1,5,Dendritic cells,0
CGAGAACTACGTTG-1,0,CD4+ T cells,2
CGAGAACTTGTTCT-1,1,CD8+ T cells,5
CGAGATTGGACACT-1,0,CD4+ T cells,2
CGAGATTGGCCATA-1,5,Dendritic cells,0
CGAGCCGAACACCA-1,0,CD4+ T cells,2
CGAGCCGACGACAT-1,0,CD4+ T cells,2
CGAGCCGAGGCGAA-1,0,CD4+ T cells,2
CGAGCGTGCTCCAC-1,0,CD4+ T cells,2
CGAGCGTGGATACC-1,0,CD4+ T cells,2
CGAGCGTGTATGCG-1,1,CD8+ T cells,5
CGAGGAGACCTCCA-1,3,NK cells,3
CGAGGAGATGTCGA-1,0,CD4+ T cells,2
CGAGGCACCTATGG-1,5,Dendritic cells,0
CGAGGCACTATGCG-1,1,CD8+ T cells,5
CGAGGCACTCTTCA-1,0,CD4+ T cells,2
CGAGGCTGACGCTA-1,5,Dendritic cells,0
CGAGGCTGGCAGTT-1,1,CD8+ T cells,5
CGAGGGCTACGACT-1,3,NK cells,3
CGAGGGCTCGAATC-1,0,CD4+ T cells,2
CGAGTATGTCACCC-1,1,CD8+ T cells,5
CGATACGAACAGTC-1,1,CD8+ T cells,5
CGATACGACAGGAG-1,0,CD4+ T cells,2
CGATACGATTCACT-1,3,NK cells,3
CGATAGACCCGTAA-1,1,CD8+ T cells,5
CGATAGACCGTACA-1,0,CD4+ T cells,2
CGATAGACGTAGGG-1,1,CD8+ T cells,5
CGATAGACTGTTCT-1,0,CD4+ T cells,2
CGATCAGAAGAACA-1,0,CD4+ T cells,2
CGATCAGAGAGGGT-1,0,CD4+ T cells,2
CGATCAGAGGTACT-1,0,CD4+ T cells,2
CGATCAGATGTGAC-1,3,NK cells,3
CGATCCACCGGGAA-1,0,CD4+ T cells,2
CGATCCACTTCCAT-1,3,NK cells,3
CGCAAATGCTCGAA-1,0,CD4+ T cells,2
CGCAACCTCCTTGC-1,0,CD4+ T cells,2
CGCAACCTGGACGA-1,0,CD4+ T cells,2
CGCACGGAGGACGA-1,3,NK cells,3
CGCACGGATCTTTG-1,0,CD4+ T cells,2
CGCACTACAGAATG-1,0,CD4+ T cells,2
CGCACTACAGCCAT-1,0,CD4+ T cells,2
CGCACTACATTGGC-1,0,CD4+ T cells,2
CGCACTACTCGCCT-1,3,NK cells,3
CGCACTACTCGTGA-1,0,CD4+ T cells,2
CGCACTTGTCACGA-1,1,CD8+ T cells,5
CGCAGGACAGATCC-1,0,CD4+ T cells,2
CGCAGGACCTACTT-1,0,CD4+ T cells,2
CGCAGGACTTGTCT-1,1,CD8+ T cells,5
CGCAGGTGCACTGA-1,0,CD4+ T cells,2
CGCAGGTGCCATAG-1,1,CD8+ T cells,5
CGCAGGTGGGAACG-1,0,CD4+ T cells,2
CGCATAGATCACGA-1,1,CD8+ T cells,5
CGCCATACTGCAAC-1,0,CD4+ T cells,2
CGCCATTGAGAGGC-1,0,CD4+ T cells,2
CGCCATTGCTATGG-1,0,CD4+ T cells,2
CGCCATTGGAGACG-1,0,CD4+ T cells,2
CGCCATTGGAGCAG-1,3,NK cells,3
CGCCATTGTACTGG-1,3,NK cells,3
CGCCGAGAGCTTAG-1,5,Dendritic cells,0
CGCCTAACGAATGA-1,1,CD8+ T cells,5
CGCCTAACTGCTCC-1,0,CD4+ T cells,2
CGCGAGACACAGCT-1,0,CD4+ T cells,2
CGCGAGACAGGTCT-1,3,NK cells,3
CGCGAGACGCTACA-1,0,CD4+ T cells,2
CGCGATCTCAGTCA-1,1,CD8+ T cells,5
CGCGATCTGTTGAC-1,1,CD8+ T cells,5
CGCGATCTTTCTTG-1,3,NK cells,3
CGCGGATGGCCAAT-1,0,CD4+ T cells,2
CGCTAAGAATGTCG-1,0,CD4+ T cells,2
CGCTAAGACAACTG-1,0,CD4+ T cells,2
CGCTAAGACCCTTG-1,0,CD4+ T cells,2
CGCTACTGAACAGA-1,1,CD8+ T cells,5
CGCTACTGAGAACA-1,0,CD4+ T cells,2
CGCTACTGTGAGCT-1,0,CD4+ T cells,2
CGCTACTGTTCCCG-1,0,CD4+ T cells,2
CGCTCATGCATTTC-1,1,CD8+ T cells,5
CGGAATTGCACTAG-1,0,CD4+ T cells,2
CGGAATTGGTTTGG-1,0,CD4+ T cells,2
CGGAATTGTGGAGG-1,0,CD4+ T cells,2
CGGACCGATGCGTA-1,0,CD4+ T cells,2
CGGACCGATGGGAG-1,0,CD4+ T cells,2
CGGACTCTAAACAG-1,3,NK cells,3
CGGACTCTCCAATG-1,0,CD4+ T cells,2
CGGACTCTCCTCGT-1,5,Dendritic cells,0
CGGAGGCTATTCCT-1,0,CD4+ T cells,2
CGGAGGCTTGGATC-1,0,CD4+ T cells,2
CGGATAACAACGAA-1,1,CD8+ T cells,5
CGGATAACAGCTCA-1,0,CD4+ T cells,2
CGGATAACTCAGTG-1,1,CD8+ T cells,5
CGGCACGAACTCAG-1,0,CD4+ T cells,2
CGGCACGAAGGGTG-1,0,CD4+ T cells,2
CGGCACGACTACGA-1,1,CD8+ T cells,5
CGGCATCTTAGAAG-1,0,CD4+ T cells,2
CGGCATCTTCGTAG-1,1,CD8+ T cells,5
CGGCCAGAAAGGTA-1,0,CD4+ T cells,2
CGGCCAGAGAGGCA-1,0,CD4+ T cells,2
CGGCGAACCAGTCA-1,1,CD8+ T cells,5
CGGCGAACGACAAA-1,5,Dendritic cells,0
CGGCGAACGGTCTA-1,0,CD4+ T cells,2
CGGCGAACTACTTC-1,5,Dendritic cells,0
CGGGACTGCGTGTA-1,0,CD4+ T cells,2
CGGGACTGGAATAG-1,5,Dendritic cells,0
CGGGCATGACCCAA-1,0,CD4+ T cells,2
CGGGCATGTCTCTA-1,5,Dendritic cells,0
CGGGCATGTTGTGG-1,0,CD4+ T cells,2
CGGTAAACTCGCAA-1,0,CD4+ T cells,2
CGGTCACTGTTTGG-1,0,CD4+ T cells,2
CGGTCACTTACTTC-1,0,CD4+ T cells,2
CGTAACGAATCAGC-1,0,CD4+ T cells,2
CGTAACGATCGCCT-1,0,CD4+ T cells,2
CGTACCACACACAC-1,0,CD4+ T cells,2
CGTACCACACGTTG-1,0,CD4+ T cells,2
CGTACCACCTCATT-1,0,CD4+ T cells,2
CGTACCACGCTACA-1,0,CD4+ T cells,2
CGTACCACGGAGCA-1,0,CD4+ T cells,2
CGTACCTGGACGAG-1,1,CD8+ T cells,5
CGTACCTGGCATCA-1,5,Dendritic cells,0
CGTAGCCTCTCTCG-1,1,CD8+ T cells,5
CGTAGCCTGCGAAG-1,0,CD4+ T cells,2
CGTAGCCTGTATGC-1,1,CD8+ T cells,5
CGTCAAGAAAGGTA-1,1,CD8+ T cells,5
CGTCAAGAACGTGT-1,0,CD4+ T cells,2
CGTCAAGACAGAGG-1,0,CD4+ T cells,2
CGTCAAGACAGGAG-1,5,Dendritic cells,0
CGTCCATGCTCTTA-1,0,CD4+ T cells,2
CGTCGACTTTCCGC-1,0,CD4+ T cells,2
CGTGATGACGCTAA-1,0,CD4+ T cells,2
CGTGATGAGGTTCA-1,0,CD4+ T cells,2
CGTGCACTTATGGC-1,1,CD8+ T cells,5
CGTGTAGAAAAACG-1,0,CD4+ T cells,2
CGTGTAGACGATAC-1,5,Dendritic cells,0
CGTGTAGAGTTACG-1,5,Dendritic cells,0
CGTGTAGAGTTCAG-1,1,CD8+ T cells,5
CGTGTAGATTCGGA-1,5,Dendritic cells,0
CGTTAGGAAACCAC-1,0,CD4+ T cells,2
CGTTAGGATCATTC-1,1,CD8+ T cells,5
CGTTATACCCTGAA-1,5,Dendritic cells,0
CGTTTAACTGGTCA-1,0,CD4+ T cells,2
CTAAACCTCTGACA-1,5,Dendritic cells,0
CTAAACCTGTGCAT-1,3,NK cells,3
CTAACACTAACGTC-1,0,CD4+ T cells,2
CTAACACTAGTGCT-1,1,CD8+ T cells,5
CTAACGGAACCGAT-1,5,Dendritic cells,0
CTAACGGATTTCTG-1,0,CD4+ T cells,2
CTAACTACGGCAAG-1,0,CD4+ T cells,2
CTAAGGACACCATG-1,0,CD4+ T cells,2
CTAAGGACCGTTAG-1,0,CD4+ T cells,2
CTAAGGACGCCATA-1,1,CD8+ T cells,5
CTAAGGTGCCTAAG-1,3,NK cells,3
CTAAGGTGTTGCAG-1,0,CD4+ T cells,2
CTAAGGTGTTTCTG-1,0,CD4+ T cells,2
CTAATAGAGCTATG-1,0,CD4+ T cells,2
CTAATGCTTGTGGT-1,1,CD8+ T cells,5
CTACAACTCCCGTT-1,5,Dendritic cells,0
CTACCTCTCAACCA-1,0,CD4+ T cells,2
CTACGCACACCTAG-1,1,CD8+ T cells,5
CTACGCACTCTCCG-1,0,CD4+ T cells,2
CTACGCACTGGTCA-1,5,Dendritic cells,0
CTACGGCTTTCTTG-1,1,CD8+ T cells,5
CTACTATGAACCAC-1,1,CD8+ T cells,5
CTACTATGATGTGC-1,1,CD8+ T cells,5
CTACTATGCTAAGC-1,0,CD4+ T cells,2
CTACTATGTAAAGG-1,3,NK cells,3
CTACTCCTATGTCG-1,5,Dendritic cells,0
CTACTCCTGCCATA-1,1,CD8+ T cells,5
CTAGAGACACTTTC-1,0,CD4+ T cells,2
CTAGAGACAGCATC-1,0,CD4+ T cells,2
CTAGAGACTTTGGG-1,1,CD8+ T cells,5
CTAGATCTCTCTAT-1,0,CD4+ T cells,2
CTAGATCTTCGACA-1,0,CD4+ T cells,2
CTAGGATGAGCCTA-1,3,NK cells,3
CTAGGATGATCGTG-1,3,NK cells,3
CTAGGCCTCTCAGA-1,0,CD4+ T cells,2
CTAGGTGATGGTTG-1,1,CD8+ T cells,5
CTAGTTACCAGAGG-1,0,CD4+ T cells,2
CTAGTTACCGCATA-1,0,CD4+ T cells,2
CTAGTTACGAAACA-1,5,Dendritic cells,0
CTAGTTTGAGTACC-1,5,Dendritic cells,0
CTATAAGATCGTTT-1,3,NK cells,3
CTATACTGAGGTTC-1,1,CD8+ T cells,5
CTATACTGCCAGTA-1,0,CD4+ T cells,2
CTATACTGCGCTAA-1,1,CD8+ T cells,5
CTATACTGCTACGA-1,5,Dendritic cells,0
CTATACTGTCTCAT-1,5,Dendritic cells,0
CTATACTGTTCGTT-1,0,CD4+ T cells,2
CTATAGCTGTCACA-1,0,CD4+ T cells,2
CTATAGCTTCGCTC-1,1,CD8+ T cells,5
CTATAGCTTGCCTC-1,1,CD8+ T cells,5
CTATCAACGAACTC-1,0,CD4+ T cells,2
CTATCAACGCAGAG-1,0,CD4+ T cells,2
CTATCAACTTTGGG-1,0,CD4+ T cells,2
CTATCCCTCCACCT-1,1,CD8+ T cells,5
CTATGTACGAGAGC-1,0,CD4+ T cells,2
CTATGTACGCTTAG-1,0,CD4+ T cells,2
CTATGTACTGTTTC-1,3,NK cells,3
CTATGTTGAAAGCA-1,0,CD4+ T cells,2
CTATGTTGTCCTCG-1,0,CD4+ T cells,2
CTATGTTGTCTCGC-1,0,CD4+ T cells,2
CTATTGACAAACGA-1,1,CD8+ T cells,5
CTATTGACACTGGT-1,1,CD8+ T cells,5
CTATTGACGGTGAG-1,1,CD8+ T cells,5
CTATTGTGGCAAGG-1,0,CD4+ T cells,2
CTCAATTGGTTCAG-1,0,CD4+ T cells,2
CTCAATTGGTTGCA-1,1,CD8+ T cells,5
CTCAGAGATAGAAG-1,0,CD4+ T cells,2
CTCAGCACTCTAGG-1,0,CD4+ T cells,2
CTCAGCACTGAACC-1,1,CD8+ T cells,5
CTCAGCACTTGCAG-1,0,CD4+ T cells,2
CTCAGCTGAACCTG-1,1,CD8+ T cells,5
CTCAGCTGCAGTTG-1,0,CD4+ T cells,2
CTCAGCTGTTTCTG-1,0,CD4+ T cells,2
CTCAGGCTCGTTGA-1,1,CD8+ T cells,5
CTCAGGCTGCTAAC-1,0,CD4+ T cells,2
CTCATTGACCTTAT-1,0,CD4+ T cells,2
CTCATTGATGCTTT-1,1,CD8+ T cells,5
CTCATTGATTGCTT-1,1,CD8+ T cells,5
CTCCACGAGAGATA-1,1,CD8+ T cells,5
CTCCATCTCTTAGG-1,0,CD4+ T cells,2
CTCCATCTGACGAG-1,0,CD4+ T cells,2
CTCCGAACAAGTGA-1,1,CD8+ T cells,5
CTCCTACTGCCTTC-1,1,CD8+ T cells,5
CTCGAAGATGTGGT-1,0,CD4+ T cells,2
CTCGAAGATTAGGC-1,1,CD8+ T cells,5
CTCGACTGCTCTAT-1,0,CD4+ T cells,2
CTCGACTGGGTGAG-1,0,CD4+ T cells,2
CTCGACTGGTTGAC-1,5,Dendritic cells,0
CTCGAGCTCTGGAT-1,5,Dendritic cells,0
CTCGCATGACTTTC-1,0,CD4+ T cells,2
CTCGCATGCTTAGG-1,0,CD4+ T cells,2
CTCTAAACCTCGAA-1,0,CD4+ T cells,2
CTCTAAACGGCGAA-1,0,CD4+ T cells,2
CTCTAATGTCCAAG-1,1,CD8+ T cells,5
CTGAACGACAGTCA-1,0,CD4+ T cells,2
CTGAACGATGAGGG-1,0,CD4+ T cells,2
CTGAAGACCCAACA-1,0,CD4+ T cells,2
CTGAAGACGTGCAT-1,3,NK cells,3
CTGAAGTGAAGCCT-1,1,CD8+ T cells,5
CTGAAGTGCAGCTA-1,3,NK cells,3
CTGAAGTGGCTATG-1,0,CD4+ T cells,2
CTGAAGTGTCCAGA-1,0,CD4+ T cells,2
CTGAATCTGAATAG-1,0,CD4+ T cells,2
CTGACAGAATCGTG-1,5,Dendritic cells,0
CTGACCACAGCAAA-1,0,CD4+ T cells,2
CTGAGAACCGGGAA-1,0,CD4+ T cells,2
CTGAGAACGTAAAG-1,5,Dendritic cells,0
CTGATACTAGTAGA-1,0,CD4+ T cells,2
CTGATTTGGTGTTG-1,1,CD8+ T cells,5
CTGCAGCTAACCGT-1,0,CD4+ T cells,2
CTGCAGCTGACACT-1,0,CD4+ T cells,2
CTGCAGCTGGATTC-1,1,CD8+ T cells,5
CTGCAGCTTGGCAT-1,0,CD4+ T cells,2
CTGCCAACAGGAGC-1,0,CD4+ T cells,2
CTGCCAACCAGCTA-1,0,CD4+ T cells,2
CTGCCAACTAACCG-1,1,CD8+ T cells,5
CTGCCAACTGCTCC-1,0,CD4+ T cells,2
CTGCCAACTTGCAG-1,0,CD4+ T cells,2
CTGCCAACTTGCTT-1,0,CD4+ T cells,2
CTGCGACTCCACCT-1,0,CD4+ T cells,2
CTGGAAACAAACGA-1,0,CD4+ T cells,2
CTGGAAACATCGAC-1,0,CD4+ T cells,2
CTGGATGACTGGAT-1,0,CD4+ T cells,2
CTGGATGACTTGTT-1,0,CD4+ T cells,2
CTGGATGATGTGAC-1,0,CD4+ T cells,2
CTGGCACTCAAGCT-1,1,CD8+ T cells,5
CTGGCACTGGACAG-1,0,CD4+ T cells,2
CTGTAACTAACCAC-1,0,CD4+ T cells,2
CTGTAACTAGCGTT-1,0,CD4+ T cells,2
CTGTATACGTAAAG-1,0,CD4+ T cells,2
CTGTATACGTACGT-1,1,CD8+ T cells,5
CTGTATACGTTGGT-1,0,CD4+ T cells,2
CTGTGAGACAACCA-1,1,CD8+ T cells,5
CTGTGAGACCTTGC-1,0,CD4+ T cells,2
CTGTGAGACGAACT-1,1,CD8+ T cells,5
CTGTGAGACTGTAG-1,1,CD8+ T cells,5
CTTAAAGAACCTGA-1,0,CD4+ T cells,2
CTTAACACCTGTAG-1,0,CD4+ T cells,2
CTTAACACGAGCTT-1,0,CD4+ T cells,2
CTTAACACTATCGG-1,3,NK cells,3
CTTAAGCTACCTAG-1,0,CD4+ T cells,2
CTTAAGCTAGTACC-1,0,CD4+ T cells,2
CTTAAGCTCATCAG-1,0,CD4+ T cells,2
CTTAAGCTCCGCTT-1,3,NK cells,3
CTTAAGCTTCCTCG-1,0,CD4+ T cells,2
CTTACAACTAACGC-1,0,CD4+ T cells,2
CTTACAACTCCCGT-1,1,CD8+ T cells,5
CTTACTGACGTACA-1,0,CD4+ T cells,2
CTTAGACTAAACGA-1,0,CD4+ T cells,2
CTTAGGGACTTGCC-1,0,CD4+ T cells,2
CTTAGGGAGAATCC-1,0,CD4+ T cells,2
CTTATCGACTCATT-1,0,CD4+ T cells,2
CTTCACCTACCTGA-1,1,CD8+ T cells,5
CTTCATGAAGCATC-1,3,NK cells,3
CTTCATGAAGTACC-1,0,CD4+ T cells,2
CTTCATGACCGAAT-1,0,CD4+ T cells,2
CTTGAACTACGCAT-1,0,CD4+ T cells,2
CTTGATTGAGGTTC-1,5,Dendritic cells,0
CTTGATTGATCTTC-1,1,CD8+ T cells,5
CTTGATTGCATTCT-1,0,CD4+ T cells,2
CTTGATTGTTTCGT-1,0,CD4+ T cells,2
CTTGTATGACACCA-1,3,NK cells,3
CTTGTATGCGCAAT-1,3,NK cells,3
CTTTACGAGCGAAG-1,0,CD4+ T cells,2
CTTTAGACCGTGAT-1,0,CD4+ T cells,2
CTTTAGACGAGACG-1,0,CD4+ T cells,2
CTTTAGACGATACC-1,0,CD4+ T cells,2
CTTTAGACGTTGGT-1,0,CD4+ T cells,2
CTTTAGACTCATTC-1,0,CD4+ T cells,2
CTTTAGTGACGGGA-1,5,Dendritic cells,0
CTTTAGTGGGTGGA-1,0,CD4+ T cells,2
CTTTCAGAGAAACA-1,0,CD4+ T cells,2
CTTTGATGAGCACT-1,0,CD4+ T cells,2
CTTTGATGTCTAGG-1,0,CD4+ T cells,2
CTTTGATGTGTCCC-1,0,CD4+ T cells,2
CTTTGATGTGTGGT-1,0,CD4+ T cells,2
GAAACAGAACTACG-1,0,CD4+ T cells,2
GAAACAGAATCACG-1,0,CD4+ T cells,2
GAAACAGACATTCT-1,0,CD4+ T cells,2
GAAACCTGATCGTG-1,0,CD4+ T cells,2
GAAACCTGATGCCA-1,0,CD4+ T cells,2
GAAACCTGCTTATC-1,0,CD4+ T cells,2
GAAACCTGGACTAC-1,1,CD8+ T cells,5
GAAACCTGTGCTAG-1,0,CD4+ T cells,2
GAAAGATGATTTCC-1,0,CD4+ T cells,2
GAAAGATGCTGATG-1,1,CD8+ T cells,5
GAAAGATGCTTCGC-1,1,CD8+ T cells,5
GAAAGATGTAAGGA-1,0,CD4+ T cells,2
GAAAGATGTTTGCT-1,0,CD4+ T cells,2
GAAAGCCTACGTTG-1,3,NK cells,3
GAAAGTGAAAGTGA-1,1,CD8+ T cells,5
GAAAGTGACCACAA-1,1,CD8+ T cells,5
GAAAGTGACTCAAG-1,0,CD4+ T cells,2
GAAATACTACCAAC-1,1,CD8+ T cells,5
GAAATACTCTTAGG-1,3,NK cells,3
GAAATACTTCCTCG-1,0,CD4+ T cells,2
GAACACACGTGCAT-1,1,CD8+ T cells,5
GAACACACTGCCTC-1,0,CD4+ T cells,2
GAACAGCTAACTGC-1,1,CD8+ T cells,5
GAACAGCTCTCAGA-1,1,CD8+ T cells,5
GAACCAACCACAAC-1,0,CD4+ T cells,2
GAACCAACTTCCGC-1,5,Dendritic cells,0
GAACCTGAACGTGT-1,0,CD4+ T cells,2
GAACCTGAGAGACG-1,0,CD4+ T cells,2
GAACCTGATGAACC-1,0,CD4+ T cells,2
GAACGGGATACTTC-1,0,CD4+ T cells,2
GAACGTTGACGGAG-1,0,CD4+ T cells,2
GAACTGTGACCTGA-1,1,CD8+ T cells,5
GAACTGTGCCAGTA-1,1,CD8+ T cells,5
GAAGAATGCAATCG-1,0,CD4+ T cells,2
GAAGCGGACCTATT-1,1,CD8+ T cells,5
GAAGCTACGAATGA-1,1,CD8+ T cells,5
GAAGCTACGGTTTG-1,0,CD4+ T cells,2
GAAGGGTGAAAGTG-1,0,CD4+ T cells,2
GAAGGGTGCTTAGG-1,1,CD8+ T cells,5
GAAGGTCTGAAAGT-1,0,CD4+ T cells,2
GAAGGTCTGTTGCA-1,0,CD4+ T cells,2
GAAGGTCTTAAAGG-1,1,CD8+ T cells,5
GAAGTAGACTCCCA-1,0,CD4+ T cells,2
GAAGTAGATCCAAG-1,1,CD8+ T cells,5
GAAGTCACCCTCGT-1,1,CD8+ T cells,5
GAAGTCACCCTGTC-1,3,NK cells,3
GAAGTCTGTCGCAA-1,3,NK cells,3
GAAGTCTGTTCTGT-1,0,CD4+ T cells,2
GAAGTGCTAAACGA-1,5,Dendritic cells,0
GAAGTGCTCCGCTT-1,1,CD8+ T cells,5
GAAGTGCTTAACCG-1,0,CD4+ T cells,2
GAATGCACCCTAAG-1,0,CD4+ T cells,2
GAATGCACCTTCGC-1,5,Dendritic cells,0
GAATGCTGCGGTAT-1,0,CD4+ T cells,2
GAATGGCTAAGATG-1,0,CD4+ T cells,2
GAATTAACGATAAG-1,0,CD4+ T cells,2
GAATTAACGGTCAT-1,0,CD4+ T cells,2
GAATTAACGTCGTA-1,5,Dendritic cells,0
GAATTAACTGAAGA-1,3,NK cells,3
GACAACACAGGCGA-1,0,CD4+ T cells,2
GACAACACATCGTG-1,0,CD4+ T cells,2
GACAACACTCGCCT-1,0,CD4+ T cells,2
GACAACTGAGGTTC-1,0,CD4+ T cells,2
GACAGGGAAGAGTA-1,3,NK cells,3
GACAGGGAATGCCA-1,0,CD4+ T cells,2
GACAGTACGAGCTT-1,1,CD8+ T cells,5
GACAGTACTTCGGA-1,1,CD8+ T cells,5
GACAGTTGAGTAGA-1,3,NK cells,3
GACATTCTCCACCT-1,1,CD8+ T cells,5
GACCAAACGACTAC-1,1,CD8+ T cells,5
GACCAAACGTATCG-1,1,CD8+ T cells,5
GACCATGACTCTCG-1,1,CD8+ T cells,5
GACCCTACTAAAGG-1,3,NK cells,3
GACCTAGACCTCAC-1,0,CD4+ T cells,2
GACCTAGACGAGAG-1,0,CD4+ T cells,2
GACCTCACAAGGTA-1,0,CD4+ T cells,2
GACCTCACGTACGT-1,1,CD8+ T cells,5
GACCTCTGCATCAG-1,0,CD4+ T cells,2
GACGAACTCCCACT-1,0,CD4+ T cells,2
GACGATTGCCAATG-1,3,NK cells,3
GACGCCGACCTTCG-1,0,CD4+ T cells,2
GACGCTCTCTCTCG-1,6,Unknown,6
GACGGCACACGGGA-1,5,Dendritic cells,0
GACGGCACGAGATA-1,1,CD8+ T cells,5
GACGTAACCTATGG-1,0,CD4+ T cells,2
GACGTAACCTGTGA-1,0,CD4+ T cells,2
GACGTAACTATGGC-1,0,CD4+ T cells,2
GACGTATGTTGACG-1,0,CD4+ T cells,2
GACGTATGTTTGCT-1,0,CD4+ T cells,2
GACGTCCTACGGAG-1,0,CD4+ T cells,2
GACGTCCTCTCAAG-1,1,CD8+ T cells,5
GACGTCCTGATAAG-1,3,NK cells,3
GACTACGATGGTCA-1,3,NK cells,3
GACTCCTGCTCGCT-1,0,CD4+ T cells,2
GACTCCTGGGTTAC-1,0,CD4+ T cells,2
GACTCCTGTTATCC-1,0,CD4+ T cells,2
GACTCCTGTTGGTG-1,1,CD8+ T cells,5
GACTGAACAACCGT-1,3,NK cells,3
GACTGAACCAATCG-1,1,CD8+ T cells,5
GACTGATGTGATGC-1,0,CD4+ T cells,2
GACTTTACATGCCA-1,0,CD4+ T cells,2
GACTTTACGACAGG-1,3,NK cells,3
GAGAAATGTTCTCA-1,3,NK cells,3
GAGATAGAAAAAGC-1,1,CD8+ T cells,5
GAGATCACGACAAA-1,1,CD8+ T cells,5
GAGATGCTCTGGAT-1,0,CD4+ T cells,2
GAGATGCTGAATGA-1,0,CD4+ T cells,2
GAGCAGGATTCCCG-1,0,CD4+ T cells,2
GAGCATACTTTGCT-1,0,CD4+ T cells,2
GAGCGCACGCGTAT-1,1,CD8+ T cells,5
GAGCGCACGGTGAG-1,0,CD4+ T cells,2
GAGCGCTGAAGATG-1,5,Dendritic cells,0
GAGCGCTGTCTTAC-1,1,CD8+ T cells,5
GAGCGGCTGGGAGT-1,3,NK cells,3
GAGGACGACTCAGA-1,0,CD4+ T cells,2
GAGGATCTGAAAGT-1,3,NK cells,3
GAGGCAGACTTGCC-1,5,Dendritic cells,0
GAGGGAACACCAGT-1,0,CD4+ T cells,2
GAGGGAACGAGGGT-1,0,CD4+ T cells,2
GAGGGATGGGAAAT-1,0,CD4+ T cells,2
GAGGGCCTTCACCC-1,0,CD4+ T cells,2
GAGGGTGAAGAGTA-1,0,CD4+ T cells,2
GAGGTACTACGGTT-1,0,CD4+ T cells,2
GAGGTACTACTCAG-1,1,CD8+ T cells,5
GAGGTACTGACACT-1,5,Dendritic cells,0
GAGGTACTGGGAGT-1,0,CD4+ T cells,2
GAGGTACTTAGCGT-1,1,CD8+ T cells,5
GAGGTGGAGTACGT-1,0,CD4+ T cells,2
GAGGTGGATCCTCG-1,5,Dendritic cells,0
GAGGTTACTCGTTT-1,1,CD8+ T cells,5
GAGGTTTGTAAGCC-1,1,CD8+ T cells,5
GAGTCAACCATTCT-1,0,CD4+ T cells,2
GAGTCAACGGGAGT-1,0,CD4+ T cells,2
GAGTCTGATCGTGA-1,0,CD4+ T cells,2
GAGTCTGATTTGGG-1,3,NK cells,3
GAGTGACTCAGCTA-1,0,CD4+ T cells,2
GAGTGACTCGGTAT-1,0,CD4+ T cells,2
GAGTGACTCTTGCC-1,3,NK cells,3
GAGTGACTGACTAC-1,3,NK cells,3
GAGTGACTGTCTAG-1,0,CD4+ T cells,2
GAGTGGGAGTCTTT-1,3,NK cells,3
GAGTGGGATGCCCT-1,0,CD4+ T cells,2
GAGTGGGATGCTGA-1,3,NK cells,3
GAGTGTTGCTGTAG-1,0,CD4+ T cells,2
GAGTGTTGTGGTCA-1,0,CD4+ T cells,2
GAGTTGTGCATGGT-1,1,CD8+ T cells,5
GAGTTGTGCTGAGT-1,0,CD4+ T cells,2
GAGTTGTGGCGAGA-1,1,CD8+ T cells,5
GAGTTGTGGTAGCT-1,2,B cells,1
GAGTTGTGTATGCG-1,1,CD8+ T cells,5
GATAAGGAGAAACA-1,1,CD8+ T cells,5
GATAAGGATTCACT-1,1,CD8+ T cells,5
GATACTCTATCGGT-1,0,CD4+ T cells,2
GATACTCTTACTTC-1,0,CD4+ T cells,2
GATACTCTTGACTG-1,1,CD8+ T cells,5
GATAGAGAAGGGTG-1,5,Dendritic cells,0
GATAGAGACTGTGA-1,0,CD4+ T cells,2
GATAGAGATCACGA-1,1,CD8+ T cells,5
GATAGCACCCATAG-1,0,CD4+ T cells,2
GATAGCACGAAGGC-1,1,CD8+ T cells,5
GATAGCACTTGTCT-1,0,CD4+ T cells,2
GATATAACAAGGTA-1,0,CD4+ T cells,2
GATATAACACGCAT-1,0,CD4+ T cells,2
GATATATGCTGGAT-1,0,CD4+ T cells,2
GATATATGTCCGTC-1,5,Dendritic cells,0
GATATATGTGGAGG-1,1,CD8+ T cells,5
GATATCCTAGAAGT-1,0,CD4+ T cells,2
GATATCCTCCCGTT-1,1,CD8+ T cells,5
GATATTGACAGGAG-1,0,CD4+ T cells,2
GATATTGACGAGTT-1,1,CD8+ T cells,5
GATATTGAGCCAAT-1,0,CD4+ T cells,2
GATCCCTGACCTTT-1,5,Dendritic cells,0
GATCCCTGTGTAGC-1,0,CD4+ T cells,2
GATCCGCTGGTCAT-1,1,CD8+ T cells,5
GATCGAACCGAGAG-1,0,CD4+ T cells,2
GATCGATGACTAGC-1,3,NK cells,3
GATCGATGGTAAAG-1,3,NK cells,3
GATCGATGTAAGGA-1,1,CD8+ T cells,5
GATCGTGACACTAG-1,0,CD4+ T cells,2
GATCGTGATTCACT-1,0,CD4+ T cells,2
GATCTACTGGTGAG-1,0,CD4+ T cells,2
GATCTACTTTGCAG-1,3,NK cells,3
GATCTTACACCCAA-1,1,CD8+ T cells,5
GATCTTACCCTACC-1,0,CD4+ T cells,2
GATCTTACGAATAG-1,1,CD8+ T cells,5
GATCTTACGAGATA-1,1,CD8+ T cells,5
GATGCAACTCCAGA-1,0,CD4+ T cells,2
GATGCCCTACGTAC-1,0,CD4+ T cells,2
GATGCCCTCTCATT-1,0,CD4+ T cells,2
GATGCCCTGGCAAG-1,1,CD8+ T cells,5
GATGCCCTTTTGCT-1,0,CD4+ T cells,2
GATTACCTTGTTCT-1,0,CD4+ T cells,2
GATTCGGAACGACT-1,0,CD4+ T cells,2
GATTCGGACAGGAG-1,1,CD8+ T cells,5
GATTCGGAGAAGGC-1,1,CD8+ T cells,5
GATTCTTGATTCGG-1,1,CD8+ T cells,5
GATTCTTGCCGATA-1,0,CD4+ T cells,2
GATTCTTGCGAGTT-1,3,NK cells,3
GATTGGACCCGTTC-1,3,NK cells,3
GATTGGACGGTGTT-1,3,NK cells,3
GATTGGACTTTCGT-1,3,NK cells,3
GATTGGTGTGTCAG-1,0,CD4+ T cells,2
GATTTAGACACTCC-1,1,CD8+ T cells,5
GATTTAGACTAAGC-1,3,NK cells,3
GATTTAGATTCGTT-1,1,CD8+ T cells,5
GATTTGCTAACGAA-1,0,CD4+ T cells,2
GATTTGCTAACGGG-1,1,CD8+ T cells,5
GCAACCCTCCTCGT-1,1,CD8+ T cells,5
GCAACTGATTGCGA-1,0,CD4+ T cells,2
GCAAGACTACTGGT-1,0,CD4+ T cells,2
GCAAGACTAGGTCT-1,0,CD4+ T cells,2
GCAAGACTCCCTTG-1,0,CD4+ T cells,2
GCAATCGACTGCAA-1,0,CD4+ T cells,2
GCAATCGAGACGTT-1,1,CD8+ T cells,5
GCAATCGATCCTTA-1,1,CD8+ T cells,5
GCAATTCTCGTGTA-1,0,CD4+ T cells,2
GCAATTCTTCTCCG-1,0,CD4+ T cells,2
GCACAAACAATGCC-1,0,CD4+ T cells,2
GCACAAACGGTACT-1,0,CD4+ T cells,2
GCACAATGGTGCAT-1,1,CD8+ T cells,5
GCACACCTGTGCTA-1,5,Dendritic cells,0
GCACCACTCATGAC-1,1,CD8+ T cells,5
GCACCACTGTTTGG-1,1,CD8+ T cells,5
GCACCACTTCCTTA-1,5,Dendritic cells,0
GCACCACTTTCGGA-1,1,CD8+ T cells,5
GCACCTACGCGATT-1,0,CD4+ T cells,2
GCACCTTGGCTGTA-1,0,CD4+ T cells,2
GCACCTTGGGGAGT-1,1,CD8+ T cells,5
GCACGGACCAGCTA-1,0,CD4+ T cells,2
GCACGGTGACCTCC-1,0,CD4+ T cells,2
GCACGGTGCTATGG-1,1,CD8+ T cells,5
GCACTAGAACGGGA-1,0,CD4+ T cells,2
GCACTAGAAGATGA-1,3,NK cells,3
GCACTAGACCTTTA-1,1,CD8+ T cells,5
GCACTAGACGTAAC-1,3,NK cells,3
GCACTAGAGTCGTA-1,5,Dendritic cells,0
GCACTAGATGCAAC-1,0,CD4+ T cells,2
GCACTGCTGAGGCA-1,0,CD4+ T cells,2
GCAGATACAGCGTT-1,0,CD4+ T cells,2
GCAGATACGACGGA-1,0,CD4+ T cells,2
GCAGATACGCAGAG-1,0,CD4+ T cells,2
GCAGCCGACAGTCA-1,0,CD4+ T cells,2
GCAGCGTGCACTCC-1,0,CD4+ T cells,2
GCAGCTCTCAATCG-1,0,CD4+ T cells,2
GCAGCTCTGTTTCT-1,0,CD4+ T cells,2
GCAGGGCTAAGAAC-1,0,CD4+ T cells,2
GCAGGGCTAAGGGC-1,0,CD4+ T cells,2
GCAGGGCTATCGAC-1,5,Dendritic cells,0
GCAGGGCTTGGGAG-1,0,CD4+ T cells,2
GCAGTCCTAACTGC-1,0,CD4+ T cells,2
GCAGTCCTCTCTTA-1,0,CD4+ T cells,2
GCATCAGATGCGTA-1,0,CD4+ T cells,2
GCATGTGACAAGCT-1,0,CD4+ T cells,2
GCATTGGAGAAGGC-1,0,CD4+ T cells,2
GCCAAAACGAGGCA-1,0,CD4+ T cells,2
GCCAAATGATCGAC-1,0,CD4+ T cells,2
GCCAACCTACGGTT-1,0,CD4+ T cells,2
GCCAACCTCGCCTT-1,0,CD4+ T cells,2
GCCACGGAGGCGAA-1,1,CD8+ T cells,5
GCCACGGATACTGG-1,0,CD4+ T cells,2
GCCACTACCTACTT-1,3,NK cells,3
GCCACTACGTCTTT-1,0,CD4+ T cells,2
GCCCAACTACCGAT-1,0,CD4+ T cells,2
GCCCAACTATGGTC-1,0,CD4+ T cells,2
GCCCATACAGCGTT-1,0,CD4+ T cells,2
GCCGACGAACTCTT-1,1,CD8+ T cells,5
GCCGAGTGCGTTGA-1,0,CD4+ T cells,2
GCCGGAACGAACTC-1,0,CD4+ T cells,2
GCCGGAACGTTCTT-1,5,Dendritic cells,0
GCCGGAACTGCACA-1,5,Dendritic cells,0
GCCGGAACTTACTC-1,0,CD4+ T cells,2
GCCGTACTACCTGA-1,0,CD4+ T cells,2
GCCGTACTGGCAAG-1,1,CD8+ T cells,5
GCCTACACAGTTCG-1,5,Dendritic cells,0
GCCTACACCACTGA-1,1,CD8+ T cells,5
GCCTACACCTTGAG-1,0,CD4+ T cells,2
GCCTAGCTACGGAG-1,3,NK cells,3
GCCTAGCTCTATTC-1,0,CD4+ T cells,2
GCCTAGCTTCTCAT-1,0,CD4+ T cells,2
GCCTAGCTTCTCTA-1,1,CD8+ T cells,5
GCCTCAACCATGGT-1,0,CD4+ T cells,2
GCCTCAACTCTTTG-1,0,CD4+ T cells,2
GCCTCATGTCTTAC-1,0,CD4+ T cells,2
GCCTGACTCTCAAG-1,1,CD8+ T cells,5
GCGAAGGAACTCTT-1,0,CD4+ T cells,2
GCGAAGGAGAGCTT-1,0,CD4+ T cells,2
GCGAAGGATGCCAA-1,0,CD4+ T cells,2
GCGAGAGAGGGACA-1,0,CD4+ T cells,2
GCGAGCACTGTCGA-1,0,CD4+ T cells,2
GCGAGCACTTGACG-1,0,CD4+ T cells,2
GCGAGCACTTGCTT-1,1,CD8+ T cells,5
GCGATATGGTACGT-1,0,CD4+ T cells,2
GCGATATGGTGTTG-1,0,CD4+ T cells,2
GCGCACGAAGTCGT-1,0,CD4+ T cells,2
GCGCACGACTTTAC-1,1,CD8+ T cells,5
GCGCATCTAGGTCT-1,0,CD4+ T cells,2
GCGCATCTGGTTAC-1,3,NK cells,3
GCGCATCTTCGATG-1,0,CD4+ T cells,2
GCGCATCTTGCTCC-1,5,Dendritic cells,0
GCGCATCTTTCTAC-1,0,CD4+ T cells,2
GCGCGAACGTTCTT-1,3,NK cells,3
GCGCGATGAACGGG-1,0,CD4+ T cells,2
GCGCGATGGTGCAT-1,5,Dendritic cells,0
GCGGAGCTCCTGAA-1,0,CD4+ T cells,2
GCGGCAACCCGATA-1,0,CD4+ T cells,2
GCGGCAACGGAGGT-1,3,NK cells,3
GCGGCAACTGTCGA-1,1,CD8+ T cells,5
GCGTAAACACGGTT-1,1,CD8+ T cells,5
GCGTAATGCACCAA-1,1,CD8+ T cells,5
GCGTATGAACACCA-1,0,CD4+ T cells,2
GCGTATGATGAGAA-1,1,CD8+ T cells,5
GCTACAGAAAGGTA-1,0,CD4+ T cells,2
GCTACAGAATCTTC-1,3,NK cells,3
GCTACAGATCTTAC-1,0,CD4+ T cells,2
GCTACCTGAGAAGT-1,1,CD8+ T cells,5
GCTACCTGATCACG-1,0,CD4+ T cells,2
GCTACGCTAGAATG-1,0,CD4+ T cells,2
GCTACGCTAGCTAC-1,0,CD4+ T cells,2
GCTACGCTCCCTAC-1,0,CD4+ T cells,2
GCTAGAACAGAGGC-1,3,NK cells,3
GCTAGAACGGATCT-1,0,CD4+ T cells,2
GCTAGAACTCCCGT-1,0,CD4+ T cells,2
GCTAGATGAGCTCA-1,1,CD8+ T cells,5
GCTAGATGGCGATT-1,0,CD4+ T cells,2
GCTATACTAAGGCG-1,0,CD4+ T cells,2
GCTATACTAGCGTT-1,0,CD4+ T cells,2
GCTATACTCTCTTA-1,0,CD4+ T cells,2
GCTATACTGGACGA-1,0,CD4+ T cells,2
GCTCAAGAACCATG-1,1,CD8+ T cells,5
GCTCAAGAAGTCAC-1,1,CD8+ T cells,5
GCTCAGCTGTCTAG-1,0,CD4+ T cells,2
GCTCCATGAGAAGT-1,5,Dendritic cells,0
GCTCCATGCCGAAT-1,0,CD4+ T cells,2
GCTCGACTCTAGTG-1,1,CD8+ T cells,5
GCTGATGAGGTATC-1,1,CD8+ T cells,5
GCTTAACTACAGTC-1,1,CD8+ T cells,5
GCTTAACTACTGGT-1,5,Dendritic cells,0
GCTTAACTGCTGAT-1,0,CD4+ T cells,2
GCTTAACTTAGACC-1,1,CD8+ T cells,5
GCTTAACTTCAGTG-1,0,CD4+ T cells,2
GGAACACTCACTTT-1,1,CD8+ T cells,5
GGAACACTTCAGAC-1,2,B cells,1
GGAACTACTACTTC-1,0,CD4+ T cells,2
GGAACTTGAAGGTA-1,1,CD8+ T cells,5
GGAACTTGAGAATG-1,0,CD4+ T cells,2
GGAACTTGCTCCAC-1,1,CD8+ T cells,5
GGAACTTGGGTAGG-1,3,NK cells,3
GGAAGGACATCGGT-1,1,CD8+ T cells,5
GGAAGGACCACTAG-1,0,CD4+ T cells,2
GGAAGGACGAGGGT-1,0,CD4+ T cells,2
GGAAGGACGCGAAG-1,0,CD4+ T cells,2
GGAAGGTGGCGAGA-1,5,Dendritic cells,0
GGAATCTGAAGGGC-1,0,CD4+ T cells,2
GGAATCTGAGGAGC-1,0,CD4+ T cells,2
GGAATCTGCTTAGG-1,3,NK cells,3
GGAATCTGCTTGTT-1,1,CD8+ T cells,5
GGAATCTGGGAGGT-1,0,CD4+ T cells,2
GGAATGCTTTCTAC-1,0,CD4+ T cells,2
GGACAGGAAAGGGC-1,0,CD4+ T cells,2
GGACAGGAGTGCTA-1,3,NK cells,3
GGACAGGATCTCGC-1,0,CD4+ T cells,2
GGACCCGAAGCTAC-1,1,CD8+ T cells,5
GGACCGTGCTTACT-1,1,CD8+ T cells,5
GGACCGTGGGAACG-1,1,CD8+ T cells,5
GGACCGTGTAACGC-1,0,CD4+ T cells,2
GGACCTCTGTAAGA-1,1,CD8+ T cells,5
GGACCTCTTTTCTG-1,0,CD4+ T cells,2
GGACGAGAGTGTCA-1,1,CD8+ T cells,5
GGACGCTGACGCAT-1,0,CD4+ T cells,2
GGACGCTGCTAGCA-1,0,CD4+ T cells,2
GGACGCTGTCCTCG-1,5,Dendritic cells,0
GGAGAGACGTGAGG-1,3,NK cells,3
GGAGCAGATTCAGG-1,3,NK cells,3
GGAGCCACCTTCTA-1,3,NK cells,3
GGAGCGCTACGCAT-1,1,CD8+ T cells,5
GGAGCGCTCCGAAT-1,0,CD4+ T cells,2
GGAGGATGCCACCT-1,0,CD4+ T cells,2
GGAGGATGGTTGAC-1,1,CD8+ T cells,5
GGAGGATGTCAGTG-1,1,CD8+ T cells,5
GGAGGCCTCGTTGA-1,5,Dendritic cells,0
GGAGGCCTTTCTTG-1,0,CD4+ T cells,2
GGAGGTGATACGCA-1,0,CD4+ T cells,2
GGAGGTGATCGCTC-1,0,CD4+ T cells,2
GGATACTGCAGCTA-1,0,CD4+ T cells,2
GGATACTGTCTAGG-1,0,CD4+ T cells,2
GGATAGCTCGTCTC-1,0,CD4+ T cells,2
GGATAGCTCTGAAC-1,0,CD4+ T cells,2
GGATGTACCAAAGA-1,3,NK cells,3
GGATGTACGCGAAG-1,0,CD4+ T cells,2
GGATGTACGTCTTT-1,1,CD8+ T cells,5
GGATGTACGTGTCA-1,0,CD4+ T cells,2
GGATTTCTAGGTTC-1,0,CD4+ T cells,2
GGATTTCTTTGTCT-1,1,CD8+ T cells,5
GGCAAGGAAAAAGC-1,5,Dendritic cells,0
GGCAAGGAAGAAGT-1,0,CD4+ T cells,2
GGCAAGGACTTGGA-1,1,CD8+ T cells,5
GGCAAGGAGGACTT-1,0,CD4+ T cells,2
GGCAATACGCTAAC-1,3,NK cells,3
GGCAATACGGCATT-1,0,CD4+ T cells,2
GGCAATACGTTTCT-1,3,NK cells,3
GGCACGTGGCTTAG-1,1,CD8+ T cells,5
GGCACGTGTGAGAA-1,3,NK cells,3
GGCACTCTTTTGTC-1,0,CD4+ T cells,2
GGCATATGCTTATC-1,5,Dendritic cells,0
GGCATATGGGGAGT-1,6,Unknown,6
GGCATATGTGTGAC-1,0,CD4+ T cells,2
GGCCACGACAGAGG-1,0,CD4+ T cells,2
GGCCAGACTGGTTG-1,0,CD4+ T cells,2
GGCCCAGAAAGTAG-1,1,CD8+ T cells,5
GGCCGAACAACGAA-1,0,CD4+ T cells,2
GGCCGAACGCAGAG-1,0,CD4+ T cells,2
GGCCGAACGTAGGG-1,0,CD4+ T cells,2
GGCCGAACTCTAGG-1,5,Dendritic cells,0
GGCCGATGCAGGAG-1,0,CD4+ T cells,2
GGCCGATGCCGAAT-1,0,CD4+ T cells,2
GGCCGATGTACTCT-1,0,CD4+ T cells,2
GGCGACACTGCCCT-1,5,Dendritic cells,0
GGCGACTGCGTAAC-1,0,CD4+ T cells,2
GGCGCATGCCTAAG-1,1,CD8+ T cells,5
GGCGCATGCTCCAC-1,0,CD4+ T cells,2
GGCGCATGTGGAAA-1,0,CD4+ T cells,2
GGCGGACTAGAGGC-1,0,CD4+ T cells,2
GGCGGACTAGGAGC-1,0,CD4+ T cells,2
GGCGGACTCTGACA-1,0,CD4+ T cells,2
GGCGGACTCTTGGA-1,0,CD4+ T cells,2
GGCGGACTTACTGG-1,0,CD4+ T cells,2
GGCGGACTTGAACC-1,0,CD4+ T cells,2
GGCTAAACACCTGA-1,5,Dendritic cells,0
GGCTAAACTCTTAC-1,0,CD4+ T cells,2
GGCTAATGAGCACT-1,0,CD4+ T cells,2
GGCTAATGGTCTAG-1,0,CD4+ T cells,2
GGCTCACTACTCAG-1,1,CD8+ T cells,5
GGGAACGAAGCTCA-1,1,CD8+ T cells,5
GGGAACGACACAAC-1,3,NK cells,3
GGGAACGAGTGTCA-1,1,CD8+ T cells,5
GGGAAGTGTTGAGC-1,1,CD8+ T cells,5
GGGACCACACGTTG-1,5,Dendritic cells,0
GGGACCACAGAACA-1,0,CD4+ T cells,2
GGGACCACGAATAG-1,0,CD4+ T cells,2
GGGACCACGTCATG-1,0,CD4+ T cells,2
GGGACCACTCAAGC-1,0,CD4+ T cells,2
GGGACCACTCGTGA-1,0,CD4+ T cells,2
GGGACCACTGCATG-1,0,CD4+ T cells,2
GGGACCTGACCCTC-1,1,CD8+ T cells,5
GGGACCTGCTTGCC-1,0,CD4+ T cells,2
GGGACCTGTGGAGG-1,3,NK cells,3
GGGATGGACGACAT-1,3,NK cells,3
GGGATGGATACTTC-1,0,CD4+ T cells,2
GGGATGGATGGTTG-1,1,CD8+ T cells,5
GGGATTACGTCTAG-1,0,CD4+ T cells,2
GGGCAAGATGCATG-1,1,CD8+ T cells,5
GGGCACACGGTGAG-1,1,CD8+ T cells,5
GGGCACACGTTGCA-1,0,CD4+ T cells,2
GGGCAGCTTGGGAG-1,0,CD4+ T cells,2
GGGCAGCTTTTCTG-1,0,CD4+ T cells,2
GGGCCAACCTTGGA-1,0,CD4+ T cells,2
GGGCCAACGCGTTA-1,3,NK cells,3
GGGCCAACTACGCA-1,1,CD8+ T cells,5
GGGCCAACTCCAAG-1,3,NK cells,3
GGGCCATGATGGTC-1,0,CD4+ T cells,2
GGGCCATGTTGACG-1,0,CD4+ T cells,2
GGGTAACTCAGCTA-1,0,CD4+ T cells,2
GGGTAACTCTAGTG-1,3,NK cells,3
GGGTAACTCTGGAT-1,0,CD4+ T cells,2
GGGTTAACGTGCAT-1,5,Dendritic cells,0
GGTAAAGAGCTAAC-1,5,Dendritic cells,0
GGTACAACTGCAAC-1,0,CD4+ T cells,2
GGTACATGAAAGCA-1,3,NK cells,3
GGTACATGAGCTCA-1,0,CD4+ T cells,2
GGTACATGCGGTAT-1,0,CD4+ T cells,2
GGTACATGGTTACG-1,0,CD4+ T cells,2
GGTACATGTGGGAG-1,0,CD4+ T cells,2
GGTACTGAACTCTT-1,1,CD8+ T cells,5
GGTAGTACACCACA-1,0,CD4+ T cells,2
GGTAGTACACTAGC-1,1,CD8+ T cells,5
GGTAGTACCCTGTC-1,0,CD4+ T cells,2
GGTAGTACGCCATA-1,1,CD8+ T cells,5
GGTAGTACTGTCTT-1,0,CD4+ T cells,2
GGTATCGAGACAAA-1,1,CD8+ T cells,5
GGTATCGATGAACC-1,3,NK cells,3
GGTCAAACCAAAGA-1,0,CD4+ T cells,2
GGTCTAGAGAAACA-1,1,CD8+ T cells,5
GGTCTAGATAGCGT-1,1,CD8+ T cells,5
GGTGATACCGACTA-1,3,NK cells,3
GGTGATACGACTAC-1,1,CD8+ T cells,5
GGTGATACTGTTTC-1,0,CD4+ T cells,2
GGTGGAGAAACGGG-1,5,Dendritic cells,0
GGTGGAGAAGTAGA-1,0,CD4+ T cells,2
GGTGGAGACAGATC-1,5,Dendritic cells,0
GGTGGAGATCGATG-1,0,CD4+ T cells,2
GGTGGAGATCTCTA-1,1,CD8+ T cells,5
GGTGGAGATTACTC-1,5,Dendritic cells,0
GGTTTACTACGCAT-1,0,CD4+ T cells,2
GTAACGTGACCTCC-1,1,CD8+ T cells,5
GTAACGTGATCGGT-1,3,NK cells,3
GTAACGTGCAGCTA-1,3,NK cells,3
GTAACGTGGTTGAC-1,3,NK cells,3
GTAAGCACAACGGG-1,0,CD4+ T cells,2
GTAAGCACTCATTC-1,3,NK cells,3
GTAAGCTGGTACCA-1,1,CD8+ T cells,5
GTAATAACCTTCTA-1,1,CD8+ T cells,5
GTAATAACGTTGTG-1,0,CD4+ T cells,2
GTACCCTGACAGTC-1,1,CD8+ T cells,5
GTACCCTGGAGCTT-1,0,CD4+ T cells,2
GTACCCTGTCCTTA-1,5,Dendritic cells,0
GTACCCTGTGAACC-1,0,CD4+ T cells,2
GTACGTGAACGTTG-1,0,CD4+ T cells,2
GTACTTTGTCGACA-1,0,CD4+ T cells,2
GTAGACTGAGATGA-1,1,CD8+ T cells,5
GTAGACTGTATTCC-1,0,CD4+ T cells,2
GTAGCAACAGTCGT-1,1,CD8+ T cells,5
GTAGCAACCATTTC-1,3,NK cells,3
GTAGCAACGGTAGG-1,1,CD8+ T cells,5
GTAGCATGCACTCC-1,3,NK cells,3
GTAGCATGTAAGCC-1,1,CD8+ T cells,5
GTAGCCCTGACGTT-1,0,CD4+ T cells,2
GTAGCTGAAGCTAC-1,1,CD8+ T cells,5
GTAGCTGAATTCGG-1,0,CD4+ T cells,2
GTAGGTACACGGGA-1,1,CD8+ T cells,5
GTAGTGACCTCATT-1,0,CD4+ T cells,2
GTAGTGTGAGCGGA-1,5,Dendritic cells,0
GTAGTGTGAGGCGA-1,1,CD8+ T cells,5
GTAGTGTGTGGTTG-1,0,CD4+ T cells,2
GTATCACTGGTAGG-1,1,CD8+ T cells,5
GTATCTACAGAAGT-1,5,Dendritic cells,0
GTATCTACGACGAG-1,0,CD4+ T cells,2
GTATCTACGTTACG-1,0,CD4+ T cells,2
GTATTAGAAACAGA-1,0,CD4+ T cells,2
GTATTAGAGGTCTA-1,0,CD4+ T cells,2
GTATTCACACAGCT-1,0,CD4+ T cells,2
GTATTCACGGGTGA-1,0,CD4+ T cells,2
GTCAACGACACTGA-1,0,CD4+ T cells,2
GTCAACGAGTGTAC-1,1,CD8+ T cells,5
GTCAACGATCAGGT-1,0,CD4+ T cells,2
GTCAATCTACACCA-1,0,CD4+ T cells,2
GTCAATCTGTAGCT-1,0,CD4+ T cells,2
GTCAATCTTGTGGT-1,0,CD4+ T cells,2
GTCACCTGCCTCCA-1,0,CD4+ T cells,2
GTCACCTGTCCCGT-1,0,CD4+ T cells,2
GTCATACTAATCGC-1,3,NK cells,3
GTCATACTGCGATT-1,5,Dendritic cells,0
GTCATACTTCGCCT-1,6,Unknown,6
GTCATACTTTACCT-1,0,CD4+ T cells,2
GTCATACTTTGACG-1,0,CD4+ T cells,2
GTCCAAGAAAAACG-1,0,CD4+ T cells,2
GTCCACTGACCTCC-1,0,CD4+ T cells,2
GTCCACTGGGTACT-1,1,CD8+ T cells,5
GTCCAGCTACGGGA-1,0,CD4+ T cells,2
GTCCCATGTGGTGT-1,1,CD8+ T cells,5
GTCGAATGAAGGCG-1,1,CD8+ T cells,5
GTCGACCTGAATGA-1,5,Dendritic cells,0
GTCGACCTGTTCAG-1,0,CD4+ T cells,2
GTCGCACTTGAGAA-1,3,NK cells,3
GTCTAACTGGTCTA-1,1,CD8+ T cells,5
GTCTAGGAGCTTCC-1,1,CD8+ T cells,5
GTGAACACACTCTT-1,0,CD4+ T cells,2
GTGAACACAGATCC-1,0,CD4+ T cells,2
GTGAACACTCAGGT-1,0,CD4+ T cells,2
GTGACCCTTAAGCC-1,0,CD4+ T cells,2
GTGATGACAAGTGA-1,0,CD4+ T cells,2
GTGATGACCTGAGT-1,3,NK cells,3
GTGATGACGGTTTG-1,0,CD4+ T cells,2
GTGATTCTCATTTC-1,0,CD4+ T cells,2
GTGATTCTCTCTCG-1,1,CD8+ T cells,5
GTGATTCTGGTTCA-1,5,Dendritic cells,0
GTGATTCTGTCGAT-1,0,CD4+ T cells,2
GTGATTCTTAGCGT-1,3,NK cells,3
GTGCCACTCAGGAG-1,0,CD4+ T cells,2
GTGGATTGCACTAG-1,1,CD8+ T cells,5
GTGGATTGCGGAGA-1,0,CD4+ T cells,2
GTGGATTGTAACGC-1,0,CD4+ T cells,2
GTGTACGATCAGTG-1,0,CD4+ T cells,2
GTGTAGTGGGTACT-1,0,CD4+ T cells,2
GTGTATCTAGCCTA-1,3,NK cells,3
GTGTATCTAGTAGA-1,5,Dendritic cells,0
GTGTATCTGTTACG-1,3,NK cells,3
GTGTCAGAAGCGTT-1,5,Dendritic cells,0
GTGTCAGAATGCTG-1,0,CD4+ T cells,2
GTTAAAACCGAGAG-1,5,Dendritic cells,0
GTTAAAACTTCGCC-1,0,CD4+ T cells,2
GTTAAATGCTCGAA-1,0,CD4+ T cells,2
GTTAAATGTCGACA-1,3,NK cells,3
GTTAACCTAGCTAC-1,0,CD4+ T cells,2
GTTAACCTTGCTTT-1,1,CD8+ T cells,5
GTTAGGTGCACTCC-1,0,CD4+ T cells,2
GTTAGGTGCCAGTA-1,1,CD8+ T cells,5
GTTAGGTGCCCAAA-1,1,CD8+ T cells,5
GTTAGGTGGAACTC-1,3,NK cells,3
GTTAGTCTAAGAAC-1,0,CD4+ T cells,2
GTTATAGAGGACAG-1,0,CD4+ T cells,2
GTTATGCTTTCATC-1,0,CD4+ T cells,2
GTTCAACTGGGACA-1,5,Dendritic cells,0
GTTCAACTTATGCG-1,0,CD4+ T cells,2
GTTGACGAGCCCTT-1,5,Dendritic cells,0
GTTGACGATATCGG-1,5,Dendritic cells,0
GTTGAGTGGTCTTT-1,1,CD8+ T cells,5
GTTGAGTGTGCTTT-1,0,CD4+ T cells,2
GTTGATCTGGGACA-1,0,CD4+ T cells,2
GTTGATCTTTTCAC-1,0,CD4+ T cells,2
GTTGGATGTTTACC-1,1,CD8+ T cells,5
GTTGTACTATTCCT-1,1,CD8+ T cells,5
GTTGTACTTTTGGG-1,0,CD4+ T cells,2
GTTTAAGACCATGA-1,1,CD8+ T cells,5
GTTTAAGACTGTCC-1,0,CD4+ T cells,2
TAAACAACCAACCA-1,0,CD4+ T cells,2
TAAACAACGAATCC-1,3,NK cells,3
TAAAGACTCAGGAG-1,0,CD4+ T cells,2
TAAATCGATGAGGG-1,0,CD4+ T cells,2
TAACAATGTGCCCT-1,3,NK cells,3
TAACACCTTCGCTC-1,1,CD8+ T cells,5
TAACACCTTCGTAG-1,1,CD8+ T cells,5
TAACACCTTGTTTC-1,6,Unknown,6
TAACATGACACTAG-1,3,NK cells,3
TAACCGGACTTACT-1,0,CD4+ T cells,2
TAACGTCTCAACCA-1,1,CD8+ T cells,5
TAACGTCTCATTGG-1,0,CD4+ T cells,2
TAACTAGAATTTCC-1,0,CD4+ T cells,2
TAACTAGACTTAGG-1,0,CD4+ T cells,2
TAACTAGATCTGGA-1,0,CD4+ T cells,2
TAACTCACGAGGAC-1,1,CD8+ T cells,5
TAACTCACGTACAC-1,3,NK cells,3
TAACTCACGTATCG-1,1,CD8+ T cells,5
TAACTCACTCTACT-1,5,Dendritic cells,0
TAAGAACTGTGTCA-1,1,CD8+ T cells,5
TAAGAGGACTAAGC-1,3,NK cells,3
TAAGAGGACTTGTT-1,5,Dendritic cells,0
TAAGATACCCACAA-1,0,CD4+ T cells,2
TAAGATACGGTTCA-1,1,CD8+ T cells,5
TAAGATTGCGTAGT-1,0,CD4+ T cells,2
TAAGATTGTTGCTT-1,0,CD4+ T cells,2
TAAGCGTGAGGTTC-1,1,CD8+ T cells,5
TAAGCGTGGACAAA-1,1,CD8+ T cells,5
TAAGCGTGGGAAAT-1,0,CD4+ T cells,2
TAAGCGTGTGCTCC-1,1,CD8+ T cells,5
TAAGGCTGCCATGA-1,0,CD4+ T cells,2
TAAGGCTGCTGCTC-1,0,CD4+ T cells,2
TAAGGCTGTCTCGC-1,1,CD8+ T cells,5
TAAGGGCTGCTGTA-1,0,CD4+ T cells,2
TAAGGGCTTTACTC-1,0,CD4+ T cells,2
TAAGTAACCGAGAG-1,3,NK cells,3
TAAGTAACCTCCAC-1,3,NK cells,3
TAAGTAACCTGTAG-1,0,CD4+ T cells,2
TAAGTAACTTGTCT-1,0,CD4+ T cells,2
TAATGATGAGCGGA-1,0,CD4+ T cells,2
TAATGCCTCATGAC-1,0,CD4+ T cells,2
TAATGCCTCGTCTC-1,5,Dendritic cells,0
TAATGTGAAGATGA-1,0,CD4+ T cells,2
TAATGTGACTGCAA-1,1,CD8+ T cells,5
TAATGTGATTACTC-1,0,CD4+ T cells,2
TACAAATGGGTACT-1,0,CD4+ T cells,2
TACAATGAAAACAG-1,1,CD8+ T cells,5
TACAATGACTTAGG-1,0,CD4+ T cells,2
TACAATGATGCTAG-1,0,CD4+ T cells,2
TACACACTCACACA-1,0,CD4+ T cells,2
TACACACTCTTACT-1,0,CD4+ T cells,2
TACATAGAACGCAT-1,0,CD4+ T cells,2
TACATCACACGGGA-1,0,CD4+ T cells,2
TACATCACCTGTTT-1,1,CD8+ T cells,5
TACATCACGCTAAC-1,3,NK cells,3
TACATCACTGAACC-1,1,CD8+ T cells,5
TACCATTGAGGTTC-1,0,CD4+ T cells,2
TACCATTGCGGGAA-1,1,CD8+ T cells,5
TACCATTGGGGATG-1,1,CD8+ T cells,5
TACCATTGTGAGGG-1,1,CD8+ T cells,5
TACCGGCTGTTGGT-1,0,CD4+ T cells,2
TACGAGTGATCTCT-1,0,CD4+ T cells,2
TACGAGTGATGCTG-1,1,CD8+ T cells,5
TACGAGTGCGGAGA-1,0,CD4+ T cells,2
TACGAGTGGTTGGT-1,0,CD4+ T cells,2
TACGATCTAGTGTC-1,0,CD4+ T cells,2
TACGATCTCACTGA-1,1,CD8+ T cells,5
TACGATCTTACGAC-1,0,CD4+ T cells,2
TACGCAGACGTCTC-1,3,NK cells,3
TACGCAGAGAATCC-1,5,Dendritic cells,0
TACGCCACATTCCT-1,0,CD4+ T cells,2
TACGCCACTCCCAC-1,1,CD8+ T cells,5
TACGCCACTCCGAA-1,3,NK cells,3
TACGCGCTCTTCTA-1,0,CD4+ T cells,2
TACGGAACGCGTTA-1,3,NK cells,3
TACGGCCTGGGACA-1,5,Dendritic cells,0
TACGGCCTGTCCTC-1,0,CD4+ T cells,2
TACGTACTACGGAG-1,0,CD4+ T cells,2
TACGTACTCAGTTG-1,0,CD4+ T cells,2
TACGTACTCCCGTT-1,3,NK cells,3
TACGTTACAGAAGT-1,0,CD4+ T cells,2
TACGTTACCAAGCT-1,1,CD8+ T cells,5
TACTAAGAAAGGTA-1,3,NK cells,3
TACTAAGAATCACG-1,0,CD4+ T cells,2
TACTAAGATGATGC-1,1,CD8+ T cells,5
TACTAAGATTGCGA-1,0,CD4+ T cells,2
TACTACACGAGAGC-1,0,CD4+ T cells,2
TACTACACTTACCT-1,0,CD4+ T cells,2
TACTACTGAACCTG-1,1,CD8+ T cells,5
TACTACTGATGTCG-1,5,Dendritic cells,0
TACTACTGATTCTC-1,0,CD4+ T cells,2
TACTACTGTATGGC-1,0,CD4+ T cells,2
TACTCAACGGTCTA-1,1,CD8+ T cells,5
TACTCAACTGCTAG-1,3,NK cells,3
TACTCCCTCAGTTG-1,0,CD4+ T cells,2
TACTCTGAATCGAC-1,5,Dendritic cells,0
TACTCTGACGAGTT-1,0,CD4+ T cells,2
TACTCTGATTGACG-1,3,NK cells,3
TACTGGGATCGATG-1,0,CD4+ T cells,2
TACTGTTGAAAGCA-1,0,CD4+ T cells,2
TACTGTTGAGGCGA-1,5,Dendritic cells,0
TACTGTTGCTGAAC-1,3,NK cells,3
TACTTGACTCCTCG-1,0,CD4+ T cells,2
TACTTGACTGGTGT-1,3,NK cells,3
TACTTTCTTTTGGG-1,0,CD4+ T cells,2
TAGAAACTAATCGC-1,0,CD4+ T cells,2
TAGAAACTGCTTCC-1,1,CD8+ T cells,5
TAGAAACTGGGATG-1,5,Dendritic cells,0
TAGAATTGCGACAT-1,0,CD4+ T cells,2
TAGAATTGTATCGG-1,0,CD4+ T cells,2
TAGACGTGCTTGAG-1,0,CD4+ T cells,2
TAGACGTGTCGCTC-1,0,CD4+ T cells,2
TAGAGCACCTTACT-1,3,NK cells,3
TAGATTGACTTGTT-1,3,NK cells,3
TAGATTGAGGCATT-1,0,CD4+ T cells,2
TAGCATCTCAGCTA-1,5,Dendritic cells,0
TAGCATCTCCCTCA-1,0,CD4+ T cells,2
TAGCATCTGCTGTA-1,1,CD8+ T cells,5
TAGCATCTGGGACA-1,0,CD4+ T cells,2
TAGCATCTTGTCGA-1,0,CD4+ T cells,2
TAGCCCACAAAAGC-1,0,CD4+ T cells,2
TAGCCCACAGCCAT-1,0,CD4+ T cells,2
TAGCCCACAGCTAC-1,5,Dendritic cells,0
TAGCCCACCCACAA-1,0,CD4+ T cells,2
TAGCCCTGCGGAGA-1,0,CD4+ T cells,2
TAGCCGCTTACGAC-1,0,CD4+ T cells,2
TAGCCGCTTACTTC-1,0,CD4+ T cells,2
TAGCCGCTTTCCAT-1,1,CD8+ T cells,5
TAGCTACTGAATAG-1,3,NK cells,3
TAGCTACTGTAGCT-1,0,CD4+ T cells,2
TAGCTACTTTTGCT-1,0,CD4+ T cells,2
TAGGACTGTGCTGA-1,0,CD4+ T cells,2
TAGGAGCTAAGGCG-1,3,NK cells,3
TAGGAGCTGAGGGT-1,0,CD4+ T cells,2
TAGGAGCTTGCATG-1,3,NK cells,3
TAGGCAACCGTCTC-1,3,NK cells,3
TAGGCATGCTCTCG-1,3,NK cells,3
TAGGCATGGCGAGA-1,0,CD4+ T cells,2
TAGGCTGATGCCTC-1,1,CD8+ T cells,5
TAGGGACTGAACTC-1,5,Dendritic cells,0
TAGGTCGACACTGA-1,0,CD4+ T cells,2
TAGGTCGAGGATCT-1,3,NK cells,3
TAGGTGACACACTG-1,0,CD4+ T cells,2
TAGGTGACACGTTG-1,3,NK cells,3
TAGGTGTGTTCTGT-1,0,CD4+ T cells,2
TAGGTTCTGAAGGC-1,0,CD4+ T cells,2
TAGGTTCTTCTTAC-1,1,CD8+ T cells,5
TAGGTTCTTGCTGA-1,1,CD8+ T cells,5
TAGTAAACCTCGCT-1,0,CD4+ T cells,2
TAGTAAACGTCACA-1,0,CD4+ T cells,2
TAGTAATGAGATCC-1,0,CD4+ T cells,2
TAGTACCTAAGAAC-1,1,CD8+ T cells,5
TAGTATGATCTTAC-1,3,NK cells,3
TAGTATGATTCTCA-1,0,CD4+ T cells,2
TAGTCTTGGCTGTA-1,0,CD4+ T cells,2
TAGTCTTGGGACTT-1,0,CD4+ T cells,2
TAGTCTTGTGGAAA-1,0,CD4+ T cells,2
TAGTGGTGAAGTGA-1,5,Dendritic cells,0
TAGTTAGAACCACA-1,5,Dendritic cells,0
TAGTTAGATGAACC-1,0,CD4+ T cells,2
TATAAGACAACAGA-1,0,CD4+ T cells,2
TATAAGACAGCTCA-1,1,CD8+ T cells,5
TATAAGTGACACCA-1,1,CD8+ T cells,5
TATAAGTGTATCGG-1,1,CD8+ T cells,5
TATAAGTGTGGTGT-1,1,CD8+ T cells,5
TATACAGAACCCTC-1,0,CD4+ T cells,2
TATACAGAAGAACA-1,0,CD4+ T cells,2
TATACAGATCCAGA-1,0,CD4+ T cells,2
TATACCACCTGATG-1,3,NK cells,3
TATACGCTACCAAC-1,0,CD4+ T cells,2
TATAGATGGACGGA-1,0,CD4+ T cells,2
TATAGATGTTCCGC-1,1,CD8+ T cells,5
TATCACTGACTGTG-1,1,CD8+ T cells,5
TATCCAACCAGCTA-1,1,CD8+ T cells,5
TATCCAACTCTCTA-1,0,CD4+ T cells,2
TATCGACTACTAGC-1,5,Dendritic cells,0
TATCGACTCGATAC-1,1,CD8+ T cells,5
TATCGTACAGATGA-1,0,CD4+ T cells,2
TATCGTACATTCCT-1,1,CD8+ T cells,5
TATCTCGAGAGATA-1,0,CD4+ T cells,2
TATCTGACAGGTTC-1,0,CD4+ T cells,2
TATCTGACTGTTTC-1,0,CD4+ T cells,2
TATCTTCTAAACAG-1,0,CD4+ T cells,2
TATGAATGGAGGAC-1,5,Dendritic cells,0
TATGAATGTTTGCT-1,1,CD8+ T cells,5
TATGCGGATAACCG-1,0,CD4+ T cells,2
TATGGGTGCATCAG-1,5,Dendritic cells,0
TATGGGTGCTAGCA-1,3,NK cells,3
TATGGTCTCTACCC-1,0,CD4+ T cells,2
TATGTCACGGAACG-1,3,NK cells,3
TATGTCACTAACCG-1,1,CD8+ T cells,5
TATGTCACTTCTCA-1,3,NK cells,3
TATGTGCTCCGATA-1,1,CD8+ T cells,5
TATGTGCTGGATTC-1,0,CD4+ T cells,2
TATTGCTGAAGAAC-1,1,CD8+ T cells,5
TATTGCTGCCGTTC-1,3,NK cells,3
TATTGCTGTCTGGA-1,0,CD4+ T cells,2
TATTGCTGTGCACA-1,0,CD4+ T cells,2
TATTTCCTATTGGC-1,1,CD8+ T cells,5
TATTTCCTGGAGGT-1,5,Dendritic cells,0
TATTTCCTGGTGTT-1,0,CD4+ T cells,2
TCAACACTGTTTGG-1,5,Dendritic cells,0
TCAAGGACAGCGTT-1,0,CD4+ T cells,2
TCAAGGACATTCTC-1,0,CD4+ T cells,2
TCAAGGACGGTGTT-1,1,CD8+ T cells,5
TCAATCACACTCTT-1,0,CD4+ T cells,2
TCAATCACAGTCGT-1,1,CD8+ T cells,5
TCACAACTATGTGC-1,0,CD4+ T cells,2
TCACAACTTTGCTT-1,1,CD8+ T cells,5
TCACATACACTTTC-1,0,CD4+ T cells,2
TCACATACAGGGTG-1,0,CD4+ T cells,2
TCACCCGAGACGGA-1,1,CD8+ T cells,5
TCACCGTGCTCGCT-1,1,CD8+ T cells,5
TCACCTCTACGACT-1,0,CD4+ T cells,2
TCACCTCTTCCAAG-1,1,CD8+ T cells,5
TCACGAGAGGAGGT-1,3,NK cells,3
TCACTATGGGGCAA-1,0,CD4+ T cells,2
TCACTATGGTTGTG-1,0,CD4+ T cells,2
TCAGACGACGCTAA-1,0,CD4+ T cells,2
TCAGACGACGTTAG-1,5,Dendritic cells,0
TCAGAGACTCCAGA-1,0,CD4+ T cells,2
TCAGCAGACTCCAC-1,0,CD4+ T cells,2
TCAGCGCTCTAGTG-1,0,CD4+ T cells,2
TCAGCGCTGGATCT-1,3,NK cells,3
TCAGCGCTGGTATC-1,0,CD4+ T cells,2
TCAGGATGAAGTAG-1,0,CD4+ T cells,2
TCAGGATGCCTTTA-1,1,CD8+ T cells,5
TCAGTGGAAGATCC-1,5,Dendritic cells,0
TCAGTTACCTACGA-1,1,CD8+ T cells,5
TCAGTTACTAGAAG-1,0,CD4+ T cells,2
TCATCAACCCGATA-1,0,CD4+ T cells,2
TCATCAACTGTTCT-1,1,CD8+ T cells,5
TCATCATGCAGTTG-1,0,CD4+ T cells,2
TCATCCCTTACTGG-1,0,CD4+ T cells,2
TCATTCGATACAGC-1,1,CD8+ T cells,5
TCCACGTGGAAACA-1,0,CD4+ T cells,2
TCCACTCTACACTG-1,0,CD4+ T cells,2
TCCACTCTGAGCTT-1,1,CD8+ T cells,5
TCCACTCTTACTTC-1,3,NK cells,3
TCCATAACAAAGTG-1,0,CD4+ T cells,2
TCCATAACCGTAGT-1,3,NK cells,3
TCCATAACGATGAA-1,0,CD4+ T cells,2
TCCATAACTACGCA-1,0,CD4+ T cells,2
TCCATCCTCCCTAC-1,5,Dendritic cells,0
TCCCACGATCATTC-1,0,CD4+ T cells,2
TCCCATCTCAAAGA-1,1,CD8+ T cells,5
TCCCGAACACAGTC-1,5,Dendritic cells,0
TCCCGAACTTCGCC-1,1,CD8+ T cells,5
TCCCGATGAGATCC-1,0,CD4+ T cells,2
TCCCGATGCCTGAA-1,1,CD8+ T cells,5
TCCCGATGCTGTGA-1,0,CD4+ T cells,2
TCCCTACTCAACTG-1,3,NK cells,3
TCCGAAGACAATCG-1,1,CD8+ T cells,5
TCCGAAGACGTTAG-1,0,CD4+ T cells,2
TCCGGACTGAGGTG-1,0,CD4+ T cells,2
TCCGGACTGTACGT-1,0,CD4+ T cells,2
TCCTAAACATCGAC-1,0,CD4+ T cells,2
TCCTAAACCGAGAG-1,0,CD4+ T cells,2
TCCTAAACCGCATA-1,5,Dendritic cells,0
TCCTAATGGTTTGG-1,5,Dendritic cells,0
TCCTACCTGTCGTA-1,0,CD4+ T cells,2
TCCTATGAAAAGCA-1,0,CD4+ T cells,2
TCGAATCTCTGGTA-1,0,CD4+ T cells,2
TCGACCTGCCGATA-1,1,CD8+ T cells,5
TCGACGCTTCTATC-1,1,CD8+ T cells,5
TCGACGCTTTGACG-1,0,CD4+ T cells,2
TCGAGAACGACAGG-1,0,CD4+ T cells,2
TCGAGAACGTTAGC-1,0,CD4+ T cells,2
TCGAGCCTATCAGC-1,3,NK cells,3
TCGAGCCTGCGAGA-1,0,CD4+ T cells,2
TCGAGCCTTGTGAC-1,0,CD4+ T cells,2
TCGATACTATTCCT-1,0,CD4+ T cells,2
TCGATACTTGCACA-1,0,CD4+ T cells,2
TCGATTTGATGCCA-1,1,CD8+ T cells,5
TCGATTTGCACTCC-1,0,CD4+ T cells,2
TCGATTTGCAGCTA-1,5,Dendritic cells,0
TCGATTTGCCTACC-1,1,CD8+ T cells,5
TCGATTTGTCGTGA-1,3,NK cells,3
TCGCACACCATCAG-1,1,CD8+ T cells,5
TCGCAGCTAGATCC-1,0,CD4+ T cells,2
TCGCCATGAGACTC-1,0,CD4+ T cells,2
TCGCCATGTGGTCA-1,3,NK cells,3
TCGGACCTAACAGA-1,0,CD4+ T cells,2
TCGGACCTATAAGG-1,3,NK cells,3
TCGGACCTGTACAC-1,0,CD4+ T cells,2
TCGGTAGAGTAGGG-1,0,CD4+ T cells,2
TCGGTAGATCCCAC-1,3,NK cells,3
TCGTAGGATCGACA-1,0,CD4+ T cells,2
TCGTGAGAACTGTG-1,3,NK cells,3
TCGTTATGGACAAA-1,0,CD4+ T cells,2
TCTAACACCAGTTG-1,5,Dendritic cells,0
TCTAACACGAGCAG-1,1,CD8+ T cells,5
TCTAACTGAACCAC-1,0,CD4+ T cells,2
TCTAAGCTAATGCC-1,0,CD4+ T cells,2
TCTAAGCTTAGTCG-1,5,Dendritic cells,0
TCTAAGCTTCTAGG-1,1,CD8+ T cells,5
TCTAAGCTTGTTCT-1,1,CD8+ T cells,5
TCTAAGCTTTCGCC-1,3,NK cells,3
TCTACAACGACTAC-1,1,CD8+ T cells,5
TCTAGACTTAGAAG-1,1,CD8+ T cells,5
TCTAGTTGCACCAA-1,1,CD8+ T cells,5
TCTATGTGAAGAGT-1,1,CD8+ T cells,5
TCTATGTGAGTCTG-1,0,CD4+ T cells,2
TCTCAAACCTAAGC-1,3,NK cells,3
TCTCTAGAATTTCC-1,0,CD4+ T cells,2
TCTGATACACGTGT-1,0,CD4+ T cells,2
TCTGATACTCGCCT-1,0,CD4+ T cells,2
TCTTACGAACCTGA-1,1,CD8+ T cells,5
TCTTCAGAGCTACA-1,1,CD8+ T cells,5
TCTTGATGCGGAGA-1,0,CD4+ T cells,2
TGAAATTGGTGAGG-1,1,CD8+ T cells,5
TGAACCGAAAACGA-1,0,CD4+ T cells,2
TGAACCGACTACTT-1,1,CD8+ T cells,5
TGAACCGATTCGGA-1,1,CD8+ T cells,5
TGAAGCACTCACGA-1,0,CD4+ T cells,2
TGAAGCTGAACGAA-1,0,CD4+ T cells,2
TGAAGCTGAGACTC-1,0,CD4+ T cells,2
TGAAGCTGCATGGT-1,3,NK cells,3
TGAAGCTGCGTAAC-1,0,CD4+ T cells,2
TGAATAACCACTTT-1,0,CD4+ T cells,2
TGAATAACTCCCAC-1,0,CD4+ T cells,2
TGACACGACCTTAT-1,3,NK cells,3
TGACCAGACAACCA-1,0,CD4+ T cells,2
TGACCAGAGGATTC-1,0,CD4+ T cells,2
TGACCGCTAAAAGC-1,0,CD4+ T cells,2
TGACCGCTCTGCAA-1,0,CD4+ T cells,2
TGACGATGCAAAGA-1,1,CD8+ T cells,5
TGACGCCTGTACCA-1,0,CD4+ T cells,2
TGACGCCTTTACTC-1,0,CD4+ T cells,2
TGACTGGAAGAGAT-1,1,CD8+ T cells,5
TGACTGGACCGTAA-1,0,CD4+ T cells,2
TGACTGGACGCAAT-1,0,CD4+ T cells,2
TGACTGGAGGACAG-1,3,NK cells,3
TGACTGGATTCTCA-1,0,CD4+ T cells,2
TGACTTACACACCA-1,0,CD4+ T cells,2
TGACTTACAGTCTG-1,1,CD8+ T cells,5
TGACTTTGCGCATA-1,0,CD4+ T cells,2
TGACTTTGTTTGTC-1,0,CD4+ T cells,2
TGAGACACAAGGTA-1,0,CD4+ T cells,2
TGAGACACTCAAGC-1,0,CD4+ T cells,2
TGAGACACTGTGCA-1,0,CD4+ T cells,2
TGAGCTGAATGCTG-1,1,CD8+ T cells,5
TGAGCTGACTGGAT-1,1,CD8+ T cells,5
TGAGCTGAGCGAGA-1,0,CD4+ T cells,2
TGAGCTGATGCTAG-1,1,CD8+ T cells,5
TGAGGACTCTCATT-1,1,CD8+ T cells,5
TGAGGACTTCATTC-1,0,CD4+ T cells,2
TGAGGTACGAACCT-1,1,CD8+ T cells,5
TGAGTCGAGTTACG-1,3,NK cells,3
TGAGTGACTGAGCT-1,0,CD4+ T cells,2
TGATAAACGAATCC-1,0,CD4+ T cells,2
TGATAAACTCCGTC-1,5,Dendritic cells,0
TGATAAACTTTCAC-1,0,CD4+ T cells,2
TGATACCTCACTAG-1,1,CD8+ T cells,5
TGATACCTGTTGGT-1,0,CD4+ T cells,2
TGATACCTTATGCG-1,0,CD4+ T cells,2
TGATACCTTGAAGA-1,0,CD4+ T cells,2
TGATATGAACCTTT-1,0,CD4+ T cells,2
TGATCACTAGCATC-1,0,CD4+ T cells,2
TGATCACTCTCGCT-1,0,CD4+ T cells,2
TGATCACTTCTACT-1,3,NK cells,3
TGATCGGACTGACA-1,1,CD8+ T cells,5
TGATCGGAGGAGCA-1,3,NK cells,3
TGATCGGATATGCG-1,1,CD8+ T cells,5
TGATTAGACATTGG-1,0,CD4+ T cells,2
TGATTAGATGACTG-1,3,NK cells,3
TGATTAGATGCTAG-1,0,CD4+ T cells,2
TGATTCACTATGCG-1,0,CD4+ T cells,2
TGATTCACTGTCAG-1,3,NK cells,3
TGATTCTGCCGAAT-1,0,CD4+ T cells,2
TGATTCTGCTCTTA-1,0,CD4+ T cells,2
TGCAAGTGAGAACA-1,0,CD4+ T cells,2
TGCAAGTGGGTAGG-1,1,CD8+ T cells,5
TGCAATCTTCAGGT-1,1,CD8+ T cells,5
TGCACAGACGACAT-1,5,Dendritic cells,0
TGCCAAGAGCAGTT-1,1,CD8+ T cells,5
TGCCAAGATCTCTA-1,0,CD4+ T cells,2
TGCCACTGAACGTC-1,0,CD4+ T cells,2
TGCCACTGCGATAC-1,5,Dendritic cells,0
TGCCAGCTTGGCAT-1,0,CD4+ T cells,2
TGCCCAACAGCAAA-1,0,CD4+ T cells,2
TGCCCAACCGCATA-1,1,CD8+ T cells,5
TGCCGACTCTCCCA-1,3,NK cells,3
TGCGAAACAGTCAC-1,3,NK cells,3
TGCGAAACGTTGCA-1,3,NK cells,3
TGCGATGAACGGTT-1,0,CD4+ T cells,2
TGCGATGACCTCGT-1,0,CD4+ T cells,2
TGCGATGACTAGTG-1,3,NK cells,3
TGCGATGACTGCTC-1,3,NK cells,3
TGCGATGACTTGCC-1,3,NK cells,3
TGCGATGAGTGCTA-1,1,CD8+ T cells,5
TGCGCACTCTTGAG-1,1,CD8+ T cells,5
TGCGTAGAATAAGG-1,1,CD8+ T cells,5
TGCGTAGACGGGAA-1,3,NK cells,3
TGCGTAGATGGTCA-1,1,CD8+ T cells,5
TGCTAGGAAACCGT-1,0,CD4+ T cells,2
TGCTAGGATAGTCG-1,0,CD4+ T cells,2
TGCTATACGGTTCA-1,1,CD8+ T cells,5
TGCTATACTGCTGA-1,0,CD4+ T cells,2
TGCTGAGAGAGCAG-1,5,Dendritic cells,0
TGCTGAGATTATCC-1,0,CD4+ T cells,2
TGGAAAGACTCTCG-1,3,NK cells,3
TGGAAAGAGCGATT-1,0,CD4+ T cells,2
TGGAAAGAGGTCAT-1,1,CD8+ T cells,5
TGGAAAGATATGGC-1,0,CD4+ T cells,2
TGGAACACAAACAG-1,5,Dendritic cells,0
TGGAACACGCTAAC-1,0,CD4+ T cells,2
TGGAAGCTCAGATC-1,0,CD4+ T cells,2
TGGACCCTACACTG-1,1,CD8+ T cells,5
TGGACCCTCATGGT-1,0,CD4+ T cells,2
TGGACCCTGGTACT-1,1,CD8+ T cells,5
TGGACTGAGTATGC-1,0,CD4+ T cells,2
TGGAGACTATCAGC-1,1,CD8+ T cells,5
TGGAGACTGAAACA-1,0,CD4+ T cells,2
TGGAGACTTCAAGC-1,0,CD4+ T cells,2
TGGAGACTTGACCA-1,0,CD4+ T cells,2
TGGAGGGACGGAGA-1,1,CD8+ T cells,5
TGGAGGGAGCTATG-1,0,CD4+ T cells,2
TGGATCGATAAAGG-1,0,CD4+ T cells,2
TGGATGTGACCTAG-1,3,NK cells,3
TGGATGTGATGTCG-1,0,CD4+ T cells,2
TGGATGTGTGAAGA-1,3,NK cells,3
TGGATTCTCATACG-1,0,CD4+ T cells,2
TGGCAATGCTTGTT-1,3,NK cells,3
TGGCAATGGAGGGT-1,0,CD4+ T cells,2
TGGCACCTTCACGA-1,0,CD4+ T cells,2
TGGCACCTTCAGTG-1,1,CD8+ T cells,5
TGGGTATGAAGAGT-1,0,CD4+ T cells,2
TGGGTATGCACAAC-1,0,CD4+ T cells,2
TGGGTATGGTACGT-1,3,NK cells,3
TGGGTATGTTTGGG-1,1,CD8+ T cells,5
TGGTAGACATGCCA-1,0,CD4+ T cells,2
TGGTAGACCCTCAC-1,5,Dendritic cells,0
TGGTAGACCTGATG-1,0,CD4+ T cells,2
TGGTAGTGCACTGA-1,1,CD8+ T cells,5
TGGTATCTAAACAG-1,0,CD4+ T cells,2
TGGTATCTCTTCCG-1,0,CD4+ T cells,2
TGGTCAGACCCAAA-1,0,CD4+ T cells,2
TGGTCAGACCGTTC-1,5,Dendritic cells,0
TGGTTACTGACGTT-1,1,CD8+ T cells,5
TGGTTACTGTTCTT-1,0,CD4+ T cells,2
TGTAACCTAGAGGC-1,0,CD4+ T cells,2
TGTAACCTTGCCTC-1,1,CD8+ T cells,5
TGTAATGACACAAC-1,5,Dendritic cells,0
TGTAATGAGGTAAA-1,5,Dendritic cells,0
TGTACTTGCTCTAT-1,1,CD8+ T cells,5
TGTAGGTGCGAGAG-1,3,NK cells,3
TGTAGGTGCTATGG-1,0,CD4+ T cells,2
TGTAGGTGCTCTAT-1,1,CD8+ T cells,5
TGTAGGTGTGCTGA-1,0,CD4+ T cells,2
TGTAGTCTTCCAGA-1,0,CD4+ T cells,2
TGTAGTCTTGCACA-1,0,CD4+ T cells,2
TGTATCTGTTAGGC-1,0,CD4+ T cells,2
TGTATGCTCATGGT-1,3,NK cells,3
TGTATGCTGTAGGG-1,0,CD4+ T cells,2
TGTATGCTTTCATC-1,0,CD4+ T cells,2
TGTCAGGAATACCG-1,0,CD4+ T cells,2
TGTCAGGAGATGAA-1,1,CD8+ T cells,5
TGTCTAACCCCTTG-1,0,CD4+ T cells,2
TGTGACGATTCTCA-1,0,CD4+ T cells,2
TGTGAGACTGTCAG-1,1,CD8+ T cells,5
TGTGAGACTTGAGC-1,0,CD4+ T cells,2
TGTGAGTGACCACA-1,0,CD4+ T cells,2
TGTGAGTGAGTGCT-1,1,CD8+ T cells,5
TGTGAGTGGAGATA-1,0,CD4+ T cells,2
TGTGATCTCTCTAT-1,3,NK cells,3
TGTGATCTGACACT-1,0,CD4+ T cells,2
TGTGGATGGCCAAT-1,3,NK cells,3
TGTTAAGACAAAGA-1,1,CD8+ T cells,5
TGTTAAGATAAGGA-1,1,CD8+ T cells,5
TGTTAAGATTGGCA-1,1,CD8+ T cells,5
TGTTACACCGCATA-1,1,CD8+ T cells,5
TGTTACACGACTAC-1,1,CD8+ T cells,5
TGTTACTGGCTACA-1,0,CD4+ T cells,2
TGTTACTGTAGTCG-1,5,Dendritic cells,0
TTAACCACCGTAAC-1,0,CD4+ T cells,2
TTAACCACTAAGGA-1,0,CD4+ T cells,2
TTAACCACTCAGAC-1,0,CD4+ T cells,2
TTACACACGTGTTG-1,0,CD4+ T cells,2
TTACACACTCCTAT-1,0,CD4+ T cells,2
TTACCATGAATCGC-1,1,CD8+ T cells,5
TTACCATGGTTGAC-1,0,CD4+ T cells,2
TTACCATGTGTCTT-1,5,Dendritic cells,0
TTACCATGTTGTGG-1,3,NK cells,3
TTACGACTGAGAGC-1,0,CD4+ T cells,2
TTACGACTTGACAC-1,1,CD8+ T cells,5
TTACGTACGTTCAG-1,6,Unknown,6
TTACTCGAACGTTG-1,3,NK cells,3
TTACTCGAAGAATG-1,1,CD8+ T cells,5
TTACTCGACGCAAT-1,1,CD8+ T cells,5
TTACTCGAGGGTGA-1,0,CD4+ T cells,2
TTACTCGATCTACT-1,5,Dendritic cells,0
TTAGAATGTGGTGT-1,0,CD4+ T cells,2
TTAGAATGTGTAGC-1,0,CD4+ T cells,2
TTAGACCTCCTACC-1,0,CD4+ T cells,2
TTAGACCTCCTTTA-1,1,CD8+ T cells,5
TTAGCTACAACCGT-1,0,CD4+ T cells,2
TTAGCTACTGTCCC-1,1,CD8+ T cells,5
TTAGCTACTTTCGT-1,0,CD4+ T cells,2
TTAGGGACGCGAAG-1,0,CD4+ T cells,2
TTAGGGTGCTGGAT-1,3,NK cells,3
TTAGGGTGTCCTGC-1,1,CD8+ T cells,5
TTAGGTCTACTTTC-1,1,CD8+ T cells,5
TTAGTCACCAGTTG-1,0,CD4+ T cells,2
TTAGTCTGAAAGCA-1,3,NK cells,3
TTAGTCTGCCAACA-1,5,Dendritic cells,0
TTAGTCTGTGCACA-1,0,CD4+ T cells,2
TTATCCGACTAGTG-1,3,NK cells,3
TTATCCGAGAAAGT-1,1,CD8+ T cells,5
TTATGAGAGATAAG-1,0,CD4+ T cells,2
TTATGCACGTCACA-1,3,NK cells,3
TTATGGCTTATGGC-1,1,CD8+ T cells,5
TTATTCCTATGCTG-1,1,CD8+ T cells,5
TTATTCCTGGACAG-1,3,NK cells,3
TTATTCCTGGTACT-1,3,NK cells,3
TTATTCCTTCGTGA-1,0,CD4+ T cells,2
TTCAAAGATAAAGG-1,0,CD4+ T cells,2
TTCAACACAACAGA-1,0,CD4+ T cells,2
TTCAACACCCCAAA-1,1,CD8+ T cells,5
TTCAACACGGACGA-1,1,CD8+ T cells,5
TTCAAGCTAAGAAC-1,1,CD8+ T cells,5
TTCAAGCTAGATGA-1,0,CD4+ T cells,2
TTCAAGCTGTTGAC-1,0,CD4+ T cells,2
TTCAAGCTTCCAAG-1,0,CD4+ T cells,2
TTCAAGCTTGATGC-1,0,CD4+ T cells,2
TTCAAGCTTTCGCC-1,0,CD4+ T cells,2
TTCACAACCCGTTC-1,1,CD8+ T cells,5
TTCACAACGTCTGA-1,1,CD8+ T cells,5
TTCAGACTACCCAA-1,0,CD4+ T cells,2
TTCAGACTCTCGAA-1,0,CD4+ T cells,2
TTCAGTACCGACTA-1,0,CD4+ T cells,2
TTCAGTACTCAAGC-1,0,CD4+ T cells,2
TTCAGTACTCCTAT-1,1,CD8+ T cells,5
TTCAGTTGCCAAGT-1,0,CD4+ T cells,2
TTCAGTTGTCCTTA-1,1,CD8+ T cells,5
TTCAGTTGTCTAGG-1,0,CD4+ T cells,2
TTCAGTTGTCTCGC-1,0,CD4+ T cells,2
TTCATCGAGGTGGA-1,1,CD8+ T cells,5
TTCATGTGTGGTGT-1,0,CD4+ T cells,2
TTCATTCTATGTCG-1,1,CD8+ T cells,5
TTCATTCTTCTCTA-1,0,CD4+ T cells,2
TTCCAAACCTATGG-1,1,CD8+ T cells,5
TTCCAAACCTCCCA-1,3,NK cells,3
TTCCAAACTCCCAC-1,5,Dendritic cells,0
TTCCAAACTTGACG-1,0,CD4+ T cells,2
TTCCATGACGAGAG-1,1,CD8+ T cells,5
TTCCATGACTGTCC-1,0,CD4+ T cells,2
TTCCCACTTGAGGG-1,5,Dendritic cells,0
TTCCCACTTGTCTT-1,1,CD8+ T cells,5
TTCCTAGAAAGTGA-1,0,CD4+ T cells,2
TTCCTAGACTAGTG-1,1,CD8+ T cells,5
TTCGAGGACTCTAT-1,0,CD4+ T cells,2
TTCGAGGAGGGCAA-1,0,CD4+ T cells,2
TTCGAGGATAGAAG-1,1,CD8+ T cells,5
TTCGATTGAGCATC-1,0,CD4+ T cells,2
TTCGGAGAATGCCA-1,1,CD8+ T cells,5
TTCGGAGATGTGCA-1,0,CD4+ T cells,2
TTCGTATGAAAAGC-1,0,CD4+ T cells,2
TTCGTATGGATAGA-1,5,Dendritic cells,0
TTCGTATGGTCTGA-1,0,CD4+ T cells,2
TTCGTATGTCCTTA-1,1,CD8+ T cells,5
TTCTACGAACGTAC-1,0,CD4+ T cells,2
TTCTACGAGTTGGT-1,0,CD4+ T cells,2
TTCTAGTGACACGT-1,0,CD4+ T cells,2
TTCTAGTGCATGAC-1,1,CD8+ T cells,5
TTCTAGTGGAGAGC-1,5,Dendritic cells,0
TTCTAGTGGTCACA-1,1,CD8+ T cells,5
TTCTCAGAAGAGAT-1,0,CD4+ T cells,2
TTCTCAGAAGCATC-1,3,NK cells,3
TTCTCAGATGGAGG-1,0,CD4+ T cells,2
TTCTGATGGAGACG-1,5,Dendritic cells,0
TTCTTACTCTGGAT-1,1,CD8+ T cells,5
TTGAACCTCCTTGC-1,3,NK cells,3
TTGAATGAACTACG-1,1,CD8+ T cells,5
TTGAATGACTTACT-1,0,CD4+ T cells,2
TTGAATGATCTCAT-1,3,NK cells,3
TTGACACTCTGTAG-1,0,CD4+ T cells,2
TTGACACTGATAAG-1,3,NK cells,3
TTGAGGACAGAACA-1,1,CD8+ T cells,5
TTGAGGACTACGCA-1,1,CD8+ T cells,5
TTGAGGTGGACGGA-1,0,CD4+ T cells,2
TTGCATTGAGCTAC-1,0,CD4+ T cells,2
TTGCATTGCTAAGC-1,1,CD8+ T cells,5
TTGCATTGTGACTG-1,0,CD4+ T cells,2
TTGCTAACACCAAC-1,0,CD4+ T cells,2
TTGCTAACACGCTA-1,1,CD8+ T cells,5
TTGCTAACCACTCC-1,0,CD4+ T cells,2
TTGCTATGGTACGT-1,1,CD8+ T cells,5
TTGCTATGGTAGGG-1,1,CD8+ T cells,5
TTGGAGACCAATCG-1,0,CD4+ T cells,2
TTGGAGACGCTATG-1,1,CD8+ T cells,5
TTGGAGACTATGGC-1,3,NK cells,3
TTGGGAACTGAACC-1,0,CD4+ T cells,2
TTGGTACTACTGGT-1,1,CD8+ T cells,5
TTGGTACTCTTAGG-1,0,CD4+ T cells,2
TTGGTACTGAATCC-1,3,NK cells,3
TTGGTACTGGATTC-1,3,NK cells,3
TTGTACACGTTGTG-1,3,NK cells,3
TTGTACACTTGCAG-1,0,CD4+ T cells,2
TTGTAGCTAGCTCA-1,0,CD4+ T cells,2
TTGTAGCTCTCTTA-1,3,NK cells,3
TTGTCATGGACGGA-1,5,Dendritic cells,0
TTTAGAGATCCTCG-1,3,NK cells,3
TTTAGCTGATACCG-1,0,CD4+ T cells,2
TTTAGCTGGATACC-1,1,CD8+ T cells,5
TTTAGCTGTACTCT-1,1,CD8+ T cells,5
TTTAGGCTCCTTTA-1,1,CD8+ T cells,5
TTTATCCTGTTGTG-1,1,CD8+ T cells,5
TTTCACGAGGTTCA-1,0,CD4+ T cells,2
TTTCAGTGGAAGGC-1,0,CD4+ T cells,2
TTTCAGTGTCACGA-1,3,NK cells,3
TTTCAGTGTCTATC-1,1,CD8+ T cells,5
TTTCAGTGTGCAGT-1,3,NK cells,3
TTTCCAGAGGTGAG-1,0,CD4+ T cells,2
TTTCGAACACCTGA-1,3,NK cells,3
TTTCGAACTCTCAT-1,1,CD8+ T cells,5
TTTCTACTGAGGCA-1,3,NK cells,3
TTTCTACTTCCTCG-1,3,NK cells,3
TTTGCATGAGAGGC-1,3,NK cells,3
TTTGCATGCCTCAC-1,0,CD4+ T cells,2
